#TYPE System.Diagnostics.EventLogEntry#System/Schannel/36888
"EventID","MachineName","Data","Index","Category","CategoryNumber","EntryType","Message","Source","ReplacementStrings","InstanceId","TimeGenerated","TimeWritten","UserName","Site","Container"
"36888","LTSBMINGLE.ltsb.com","System.Byte[]","689082","(0)","0","Error","A fatal alert was generated and sent to the remote endpoint. This may result in termination of the connection. The TLS protocol defined fatal error code is 40. The Windows SChannel error state is 1205.","Schannel","System.String[]","36888","10/3/2019 5:48:54 AM","10/3/2019 5:48:54 AM","NT AUTHORITY\SYSTEM",,
"36874","LTSBMINGLE.ltsb.com","System.Byte[]","689081","(0)","0","Error","An TLS 1.2 connection request was received from a remote client application, but none of the cipher suites supported by the client application are supported by the server. The SSL connection request has failed.","Schannel","System.String[]","36874","10/3/2019 5:48:54 AM","10/3/2019 5:48:54 AM","NT AUTHORITY\SYSTEM",,
"36888","LTSBMINGLE.ltsb.com","System.Byte[]","689080","(0)","0","Error","A fatal alert was generated and sent to the remote endpoint. This may result in termination of the connection. The TLS protocol defined fatal error code is 40. The Windows SChannel error state is 1205.","Schannel","System.String[]","36888","10/3/2019 5:48:09 AM","10/3/2019 5:48:09 AM","NT AUTHORITY\SYSTEM",,
"36874","LTSBMINGLE.ltsb.com","System.Byte[]","689079","(0)","0","Error","An TLS 1.2 connection request was received from a remote client application, but none of the cipher suites supported by the client application are supported by the server. The SSL connection request has failed.","Schannel","System.String[]","36874","10/3/2019 5:48:09 AM","10/3/2019 5:48:09 AM","NT AUTHORITY\SYSTEM",,
"36888","CHVSLTSBWEB.ltsb.com","System.Byte[]","496564","(0)","0","Error","A fatal alert was generated and sent to the remote endpoint. This may result in termination of the connection. The TLS protocol defined fatal error code is 10. The Windows SChannel error state is 1203.","Schannel","System.String[]","36888","10/3/2019 2:50:51 PM","10/3/2019 2:50:51 PM","NT AUTHORITY\SYSTEM",,
"36888","CHVSLTSBWEB.ltsb.com","System.Byte[]","496563","(0)","0","Error","A fatal alert was generated and sent to the remote endpoint. This may result in termination of the connection. The TLS protocol defined fatal error code is 10. The Windows SChannel error state is 1203.","Schannel","System.String[]","36888","10/3/2019 2:50:48 PM","10/3/2019 2:50:48 PM","NT AUTHORITY\SYSTEM",,
"36888","CHVSLTSBWEB.ltsb.com","System.Byte[]","496475","(0)","0","Error","A fatal alert was generated and sent to the remote endpoint. This may result in termination of the connection. The TLS protocol defined fatal error code is 40. The Windows SChannel error state is 1205.","Schannel","System.String[]","36888","10/3/2019 7:37:44 AM","10/3/2019 7:37:44 AM","NT AUTHORITY\SYSTEM",,
"36874","CHVSLTSBWEB.ltsb.com","System.Byte[]","496474","(0)","0","Error","An TLS 1.2 connection request was received from a remote client application, but none of the cipher suites supported by the client application are supported by the server. The SSL connection request has failed.","Schannel","System.String[]","36874","10/3/2019 7:37:44 AM","10/3/2019 7:37:44 AM","NT AUTHORITY\SYSTEM",,
"10016","CHVSLTSBWEB.ltsb.com","System.Byte[]","496448","(0)","0","Error","The description for Event ID '10016' in Source 'DCOM' cannot be found.  The local computer may not have the necessary registry information or message DLL files to display the message, or you may not have permission to access them.  The following information is part of the event:'application-specific', 'Local', 'Activation', '{FDC3723D-1588-4BA3-92D4-42C430735D7D}', '{83B33982-693D-4824-B42E-7196AE61BB05}', 'NT SERVICE', 'SQLSERVERAGENT', 'S-1-5-80-344959196-2060754871-2302487193-2804545603-1466107430', 'LocalHost (Using LRPC)', 'Unavailable', 'Unavailable'","DCOM","System.String[]","10016","10/3/2019 1:00:04 AM","10/3/2019 1:00:04 AM","NT SERVICE\SQLSERVERAGENT",,
"10016","CHVSLTSBWEB.ltsb.com","System.Byte[]","496447","(0)","0","Error","The description for Event ID '10016' in Source 'DCOM' cannot be found.  The local computer may not have the necessary registry information or message DLL files to display the message, or you may not have permission to access them.  The following information is part of the event:'application-specific', 'Local', 'Activation', '{FDC3723D-1588-4BA3-92D4-42C430735D7D}', '{83B33982-693D-4824-B42E-7196AE61BB05}', 'NT SERVICE', 'SQLSERVERAGENT', 'S-1-5-80-344959196-2060754871-2302487193-2804545603-1466107430', 'LocalHost (Using LRPC)', 'Unavailable', 'Unavailable'","DCOM","System.String[]","10016","10/3/2019 1:00:03 AM","10/3/2019 1:00:03 AM","NT SERVICE\SQLSERVERAGENT",,
