﻿Daily Backup Report - LTSB
"Customizable tabular report of all backup data (size, start time, status code etc) by client. In this report, accelerator optimization, savings, or factor is not considered as part of deduplication optimization, savings, or factor. In all other reports, the deduplication values include accelerator values."
Report Time Frame: Previous 1 Days

View name: ALL MASTER SERVERS,


View selections: ,


Selected items,Exclusions in selected items,
ALL MASTER SERVERS,,

Policy Name,Schedule Name,Client Name,Job Status,Job Start Time,Job End Time,Protected Data Size(MB)
CH_LTSB_Vmware_Daily,Daily,chvsltsbspt,Successful,"Jul 15, 2019 7:02:53 PM","Jul 16, 2019 3:05:40 PM","319,732.92"
CH_LTSB_VMOPVDESIGN,Weekly,VMOPVDESIGN,Failed,"Jul 16, 2019 1:56:12 PM","Jul 16, 2019 3:26:47 PM","76,385.38"
CH_LTSB_VMOPVDESIGN,Weekly,VMOPVDESIGN,Failed,"Jul 16, 2019 3:58:53 PM","Jul 16, 2019 4:17:16 PM","15,898.69"
CH_LTSB_Vmware_Daily,Weekly,ltsbopvdesign,Failed,"Jul 16, 2019 4:03:35 PM","Jul 16, 2019 4:12:58 PM","3,723.69"
CH_LTSB_Vmware_Daily,Weekly,ltsbopvdesign,Failed,"Jul 16, 2019 4:42:41 PM","Jul 16, 2019 5:04:16 PM","11,583.44"
CH_LTSB_LTSBAXSYS,Daily,ltsbaxsys1,Failed,"Jul 16, 2019 7:45:00 PM","Jul 16, 2019 8:48:20 PM",0
CH_LTSB_Vmware_Daily,Daily,chvsltsbvwcs,Failed,"Jul 16, 2019 7:51:07 PM","Jul 16, 2019 8:48:22 PM",0
CH_LTSB_Vmware_Daily,Daily,chvsltsbvwds_old,Failed,"Jul 16, 2019 7:51:08 PM","Jul 16, 2019 8:48:22 PM",0
CH_LTSB_Vmware_Daily,Daily,chvsltsbvwen,Failed,"Jul 16, 2019 7:51:09 PM","Jul 16, 2019 8:48:22 PM",0
CH_LTSB_Vmware_Daily,Daily,chvsltsbidxl,Failed,"Jul 16, 2019 7:51:12 PM","Jul 16, 2019 8:48:22 PM",0
CH_LTSB_Vmware_Daily,Daily,chvsltsbmar_old,Failed,"Jul 16, 2019 7:51:13 PM","Jul 16, 2019 8:48:22 PM",0
CH_LTSB_Vmware_Daily,Daily,chvsltsbvwcm,Failed,"Jul 16, 2019 7:51:13 PM","Jul 16, 2019 8:48:22 PM",0
CH_LTSB_Vmware_Daily,Daily,chvsltsbtiedxl,Failed,"Jul 16, 2019 7:51:14 PM","Jul 16, 2019 8:48:22 PM",0
CH_LTSB_Vmware_Daily,Daily,chvsltsbepo,Failed,"Jul 16, 2019 7:51:15 PM","Jul 16, 2019 8:48:22 PM",0
CH_LTSB_Vmware_Daily,Daily,chvsltsbiah,Failed,"Jul 16, 2019 7:51:16 PM","Jul 16, 2019 8:48:22 PM",0
CH_LTSB_Vmware_Daily,Daily,chvsltsbaby,Failed,"Jul 16, 2019 7:51:32 PM","Jul 16, 2019 8:48:22 PM",0
CH_LTSB_Vmware_Daily,Daily,chvsltsbspta,Failed,"Jul 16, 2019 7:51:41 PM","Jul 16, 2019 8:48:22 PM",0
CH_LTSB_Vmware_Daily,Daily,chvsltsbtfsa,Failed,"Jul 16, 2019 7:51:53 PM","Jul 16, 2019 8:48:22 PM",0
CH_LTSB_Vmware_Daily,Daily,chvsltsbadc,Failed,"Jul 16, 2019 7:52:16 PM","Jul 16, 2019 8:48:22 PM",0
CH_LTSB_Vmware_Daily,Daily,chvsltsbpdc,Failed,"Jul 16, 2019 7:52:16 PM","Jul 16, 2019 8:48:22 PM",0
CH_LTSB_Vmware_Daily,Daily,chvsltsbspt,Failed,"Jul 16, 2019 7:52:19 PM","Jul 16, 2019 8:48:22 PM",0
CH_LTSB_LTSBSCSM,Daily,ltsbscsm,Failed,"Jul 16, 2019 9:00:00 PM","Jul 16, 2019 9:00:02 PM",0
CH_LTSB_LTSBPDMQUA,Daily,ltsbpdmqua,Failed,"Jul 16, 2019 9:30:00 PM","Jul 16, 2019 10:31:27 PM",0
CH_LTSB_CHVSLTSBSCCM,Daily,chvsltsbsccm,Failed,"Jul 16, 2019 9:30:00 PM","Jul 17, 2019 2:45:48 AM",0
CH_LTSB_LTSBLNUAT,Daily,ltsblnuat,Failed,"Jul 16, 2019 9:30:00 PM","Jul 16, 2019 10:31:27 PM",0
CH_LTSB_CHVSLTSBAST,Daily,chvsltsbast,Failed,"Jul 16, 2019 9:30:00 PM","Jul 16, 2019 10:31:27 PM",0
CH_LTSB_LTSBNAPA,Daily,ltsbnapa,Failed,"Jul 16, 2019 9:45:00 PM","Jul 16, 2019 10:31:44 PM",0
CH_LTSB_Fileserver_Weekly_Monthly,Daily,chvsltsbfs3,Failed,"Jul 16, 2019 10:00:00 PM","Jul 16, 2019 10:31:55 PM",0
CH_LTSB_Fileserver_Weekly_Monthly,Daily,chvsltsbfs1,Failed,"Jul 16, 2019 10:00:00 PM","Jul 16, 2019 10:31:55 PM",0
CH_LTSB_Fileserver_Weekly_Monthly,Daily,chvsltsbfs2,Failed,"Jul 16, 2019 10:00:00 PM","Jul 16, 2019 10:31:55 PM",0
CH_LTSB_LTSBDESIGN,Daily,ltsbdesign1,Failed,"Jul 16, 2019 11:15:00 PM","Jul 16, 2019 11:15:01 PM",0
CH_LTSB_LTSBPIPING,Daily,ltsbpiping,Failed,"Jul 16, 2019 11:30:00 PM","Jul 16, 2019 11:30:02 PM",0
CH_LTSB_Vmware_Daily,Weekly,ltsbopvdesign,Successful,"Jul 16, 2019 11:36:28 PM","Jul 17, 2019 6:39:12 AM","256,792.65"
CH_LTSB_LTSBBIOM,Daily,ltsbbiom,Failed,"Jul 17, 2019 12:00:00 AM","Jul 17, 2019 12:00:01 AM",0
CH_Daily_LTSB_Systemstate_Backup,Daily_full,ltsbbiap,Failed,"Jul 17, 2019 1:00:00 AM","Jul 17, 2019 1:00:00 AM",0
CH_Daily_LTSB_Systemstate_Backup,Daily_full,ltsbbiweb,Failed,"Jul 17, 2019 1:00:00 AM","Jul 17, 2019 1:00:00 AM",0
CH_Daily_LTSB_Systemstate_Backup,Daily_full,ltsbbidb,Failed,"Jul 17, 2019 1:00:00 AM","Jul 17, 2019 1:00:00 AM",0
CH_LTSB_LTSBERPAP,Daily,ltsberpap1,Failed,"Jul 17, 2019 2:00:00 AM","Jul 17, 2019 2:00:01 AM",0
CH_LTSB_CHVSLTSBSPTD,Daily,chvsltsbsptd,Failed,"Jul 17, 2019 2:30:00 AM","Jul 17, 2019 2:30:00 AM",0
CH_LTSB_LTSBERPDB,Daily,ltsberpdb,Failed,"Jul 17, 2019 2:30:00 AM","Jul 17, 2019 2:30:00 AM",0
CH_LTSB_LTSBMINGLE,Daily,ltsbmingle1_old,Failed,"Jul 17, 2019 3:00:00 AM","Jul 17, 2019 3:00:00 AM",0
CH_LTSB_CHVSLTSBWEB,Daily,chvsltsbweb_clone,Failed,"Jul 17, 2019 3:00:00 AM","Jul 17, 2019 6:00:00 AM",0
CH_LTSB_LTSBION,Daily,ltsbion_new1_old,Failed,"Jul 17, 2019 3:15:00 AM","Jul 17, 2019 4:13:06 AM",0
CH_LTSB_LTSBQUADB,Daily,ltsbquadb,Failed,"Jul 17, 2019 3:30:00 AM","Jul 17, 2019 4:13:08 AM",0
CH_LTSB_CHVSLTSBTFSD,Daily,chvsltsbtfsd,Failed,"Jul 17, 2019 3:30:00 AM","Jul 17, 2019 6:30:00 AM",0
CH_LTSB_LTSBQUAAP,Daily,ltsbquaap,Failed,"Jul 17, 2019 4:00:00 AM","Jul 17, 2019 4:13:11 AM",0
CH_LTSB_LTSBDEVDB,Daily,ltsbdevdb,Failed,"Jul 17, 2019 4:15:00 AM","Jul 17, 2019 4:15:00 AM",0
CH_LTSB_VMOPVDESIGN,Daily,VMOPVDESIGN,Failed,"Jul 17, 2019 5:34:45 AM","Jul 17, 2019 5:34:47 AM",0
CH_LTSB_DB6Month_Retention,Daily,chvsltsbweb_clone,Failed,"Jul 17, 2019 6:00:00 AM","Jul 17, 2019 6:45:02 AM","9,375"
CH_LTSB_DB7Month_Retention,Daily,ltsberpdb,Failed,"Jul 17, 2019 6:00:00 AM","Jul 17, 2019 6:45:02 AM","16,796.88"
CH_LTSB_DB7Month_Retention,Daily,ltsbion_new1_old,Failed,"Jul 17, 2019 6:00:00 AM","Jul 17, 2019 6:45:02 AM","19,921.88"
CH_LTSB_LTSBPDMPRD,Daily,ltsbpdmprd,Failed,"Jul 17, 2019 6:30:00 AM","Jul 17, 2019 6:30:00 AM",0
CH_LTSB_LTSBMINGLE,Daily,ltsbmingle1_old,Failed,"Jul 17, 2019 9:09:18 AM","Jul 17, 2019 9:09:20 AM",0
CH_LTSB_CHVSLTSBSPTD,Daily,chvsltsbsptd,Failed,"Jul 17, 2019 9:09:18 AM","Jul 17, 2019 9:09:20 AM",0
CH_LTSB_LTSBERPDB,Daily,ltsberpdb,Failed,"Jul 17, 2019 9:09:18 AM","Jul 17, 2019 9:09:20 AM",0
CH_LTSB_LTSBERPAP,Daily,ltsberpap1,Failed,"Jul 17, 2019 9:09:18 AM","Jul 17, 2019 9:09:20 AM",0
CH_Daily_LTSB_Systemstate_Backup,Daily_full,ltsbbiap,Failed,"Jul 17, 2019 9:09:18 AM","Jul 17, 2019 9:09:21 AM",0
CH_Daily_LTSB_Systemstate_Backup,Daily_full,ltsbbiweb,Failed,"Jul 17, 2019 9:09:18 AM","Jul 17, 2019 9:09:20 AM",0
CH_Daily_LTSB_Systemstate_Backup,Daily_full,ltsbbidb,Failed,"Jul 17, 2019 9:09:18 AM","Jul 17, 2019 9:09:20 AM",0
CH_LTSB_LTSBBIOM,Daily,ltsbbiom,Failed,"Jul 17, 2019 9:09:18 AM","Jul 17, 2019 9:09:21 AM",0
CH_LTSB_LTSBPDMPRD,Daily,ltsbpdmprd,Failed,"Jul 17, 2019 9:09:18 AM","Jul 17, 2019 9:09:18 AM",0
CH_LTSB_VMOPVDESIGN,Daily,VMOPVDESIGN,Failed,"Jul 17, 2019 9:09:18 AM","Jul 17, 2019 9:09:20 AM",0
CH_LTSB_CHVSLTSBSCCM,Daily,chvsltsbsccm,Successful,"Jul 17, 2019 9:09:18 AM","Jul 17, 2019 10:55:36 AM","37,850.55"
CH_LTSB_LTSBDEVDB,Daily,ltsbdevdb,Failed,"Jul 17, 2019 9:09:18 AM","Jul 17, 2019 9:09:20 AM",0
CH_LTSB_LTSBQUAAP,Daily,ltsbquaap,Failed,"Jul 17, 2019 9:09:18 AM","Jul 17, 2019 9:09:20 AM",0
CH_LTSB_LTSBQUADB,Daily,ltsbquadb,Failed,"Jul 17, 2019 9:09:18 AM","Jul 17, 2019 9:09:20 AM",0
CH_LTSB_LTSBION,Daily,ltsbion_new1_old,Failed,"Jul 17, 2019 9:09:18 AM","Jul 17, 2019 9:09:20 AM",0
CH_Daily_LTSB_Systemstate_Backup,Daily_full,ltsbbiap,Successful,"Jul 17, 2019 9:21:20 AM","Jul 17, 2019 10:12:22 AM","12,808.83"
CH_LTSB_VMOPVDESIGN,Daily,VMOPVDESIGN,Failed,"Jul 17, 2019 9:21:20 AM","Jul 17, 2019 11:08:36 AM","40,106.44"
CH_LTSB_LTSBBIOM,Daily,ltsbbiom,Successful,"Jul 17, 2019 9:21:20 AM","Jul 17, 2019 11:23:24 AM","44,483.16"
CH_Daily_LTSB_Systemstate_Backup,Daily_full,ltsbbidb,Successful,"Jul 17, 2019 9:21:20 AM","Jul 17, 2019 10:40:00 AM","13,504.48"
CH_Daily_LTSB_Systemstate_Backup,Daily_full,ltsbbiweb,Successful,"Jul 17, 2019 9:21:20 AM","Jul 17, 2019 10:34:50 AM","11,791.03"
CH_LTSB_Vmware_Daily,Daily,ltsbopvdesign,Failed,"Jul 17, 2019 11:10:51 AM","Jul 17, 2019 11:19:12 AM",153.19
CH_LTSB_Vmware_Daily,Daily,ltsbopvdesign,Failed,"Jul 17, 2019 11:23:40 AM","Jul 17, 2019 11:33:06 AM",169.88
"Report generated on Jul 17, 2019 1:00:40 PM"
