﻿System Name,User Name,Threat Target IP address,Event Generated Time,Action Taken,Threat Severity,Threat Handled,Threat Name,Day
LTSBKP-53-02,20041939e,10.9.201.15,6/17/19 9:36:42 AM IST,Blocked,Critical,True,Modifying core Windows processes,15-06-2019
LTSBKP-53-02,20041939e,10.9.201.15,6/17/19 9:36:42 AM IST,Blocked,Critical,True,Modifying core Windows processes,15-06-2019
LTSBKP-53-02,20041939e,10.9.201.15,6/17/19 9:36:41 AM IST,Blocked,Critical,True,Modifying core Windows processes,15-06-2019
LTSBKP-53-02,20041939e,10.9.201.15,6/17/19 9:27:01 AM IST,Blocked,Critical,True,Modifying core Windows processes,15-06-2019
LTSBKP-53-02,20041939e,10.9.201.15,6/17/19 9:26:37 AM IST,Blocked,Critical,True,Modifying core Windows processes,15-06-2019
LTSBKP-53-02,20041939e,10.9.201.15,6/17/19 9:23:40 AM IST,Blocked,Critical,True,Modifying core Windows processes,15-06-2019
LTSBKP-LAP-063,20037639,10.9.201.55,6/17/19 5:25:54 PM IST,Blocked,Critical,True,Modifying core Windows processes,15-06-2019
LTSB-WDC-1037,20010748,10.20.251.47,6/17/19 4:48:11 PM IST,Blocked,Critical,True,Block Cobra_Crysis,15-06-2019
