﻿Daily Backup Report - LTSB
"Customizable tabular report of all backup data (size, start time, status code etc) by client. In this report, accelerator optimization, savings, or factor is not considered as part of deduplication optimization, savings, or factor. In all other reports, the deduplication values include accelerator values."
Report Time Frame: Previous 1 Days

View name: ALL MASTER SERVERS,


View selections: ,


Selected items,Exclusions in selected items,
ALL MASTER SERVERS,,

Policy Name,Schedule Name,Client Name,Job Status,Job Start Time,Job End Time,Protected Data Size(MB)
CH_LTSB_Vmware_Daily,Daily,chvsltsbvwcs,Successful,"Jul 8, 2019 7:00:44 PM","Jul 8, 2019 10:40:54 PM","38,546.36"
CH_LTSB_Vmware_Daily,Daily,chvsltsbiah,Successful,"Jul 8, 2019 7:00:45 PM","Jul 8, 2019 8:17:15 PM","20,579.06"
CH_LTSB_Vmware_Daily,Daily,chvsltsbvwen,Successful,"Jul 8, 2019 7:00:46 PM","Jul 8, 2019 9:26:14 PM","27,084.64"
CH_LTSB_Vmware_Daily,Daily,chvsltsbvwcm,Successful,"Jul 8, 2019 7:00:49 PM","Jul 8, 2019 10:24:31 PM","38,130.66"
CH_LTSB_Vmware_Daily,Daily,chvsltsbvwds_old,Successful,"Jul 8, 2019 7:00:49 PM","Jul 9, 2019 1:43:25 AM","62,825.49"
CH_LTSB_Vmware_Daily,Daily,chvsltsbaby,Successful,"Jul 8, 2019 7:00:54 PM","Jul 9, 2019 1:47:04 AM","60,789.77"
CH_LTSB_Vmware_Daily,Daily,chvsltsbepo,Successful,"Jul 8, 2019 7:00:55 PM","Jul 9, 2019 4:20:12 AM","96,425.23"
CH_LTSB_Vmware_Daily,Daily,chvsltsbidxl,Successful,"Jul 8, 2019 7:00:58 PM","Jul 8, 2019 7:23:43 PM","1,225.2"
CH_LTSB_Vmware_Daily,Daily,chvsltsbmar_old,Successful,"Jul 8, 2019 7:00:59 PM","Jul 8, 2019 7:23:43 PM","3,490.4"
CH_LTSB_Vmware_Daily,Daily,chvsltsbtiedxl,Successful,"Jul 8, 2019 7:01:01 PM","Jul 8, 2019 7:23:43 PM","2,915.1"
CH_LTSB_Vmware_Daily,Daily,chvsltsbspta,Successful,"Jul 8, 2019 7:01:23 PM","Jul 9, 2019 6:54:06 AM","84,939.77"
CH_LTSB_Vmware_Daily,Daily,chvsltsbtfsa,Successful,"Jul 8, 2019 7:01:33 PM","Jul 9, 2019 11:18:40 AM","153,027.31"
CH_LTSB_Vmware_Daily,Daily,chvsltsbadc,Successful,"Jul 8, 2019 7:01:34 PM","Jul 8, 2019 9:22:58 PM","28,158.03"
CH_LTSB_Vmware_Daily,Daily,chvsltsbpdc,Successful,"Jul 8, 2019 7:01:44 PM","Jul 8, 2019 10:37:46 PM","36,607.89"
CH_LTSB_LTSBAXSYS,Daily,ltsbaxsys1,Successful,"Jul 8, 2019 7:45:00 PM","Jul 9, 2019 2:42:06 AM","259,553.2"
CH_LTSB_LTSBSCSM,Daily,ltsbscsm,Successful,"Jul 8, 2019 9:00:00 PM","Jul 9, 2019 12:49:28 AM","55,290.98"
CH_LTSB_CHVSLTSBSCCM,Daily,chvsltsbsccm,Successful,"Jul 8, 2019 9:30:00 PM","Jul 8, 2019 10:32:20 PM","37,833.86"
CH_LTSB_LTSBPDMQUA,Daily,ltsbpdmqua,Successful,"Jul 8, 2019 9:30:00 PM","Jul 8, 2019 9:38:44 PM",598.12
CH_LTSB_LTSBLNUAT,Daily,ltsblnuat,Successful,"Jul 8, 2019 9:30:00 PM","Jul 9, 2019 1:25:44 AM","131,876.1"
CH_LTSB_CHVSLTSBAST,Daily,chvsltsbast,Successful,"Jul 8, 2019 9:30:00 PM","Jul 9, 2019 12:29:32 AM","144,073.42"
CH_LTSB_LTSBNAPA,Daily,ltsbnapa,Successful,"Jul 8, 2019 9:45:00 PM","Jul 8, 2019 10:57:12 PM","45,454.62"
CH_LTSB_Fileserver_Weekly_Monthly,Daily,chvsltsbfs3,Successful,"Jul 8, 2019 10:00:00 PM","Jul 8, 2019 10:35:56 PM","5,161.15"
CH_LTSB_Fileserver_Weekly_Monthly,Daily,chvsltsbfs1,Successful,"Jul 8, 2019 10:00:00 PM","Jul 8, 2019 10:27:54 PM","2,681.9"
CH_LTSB_Fileserver_Weekly_Monthly,Daily,chvsltsbfs2,Successful,"Jul 8, 2019 10:00:00 PM","Jul 8, 2019 10:15:48 PM",253.71
CH_LTSB_LTSBDESIGN,Daily,ltsbdesign1,Successful,"Jul 8, 2019 11:15:00 PM","Jul 9, 2019 5:42:20 AM","324,556.81"
CH_LTSB_LTSBPIPING,Daily,ltsbpiping,Successful,"Jul 8, 2019 11:30:01 PM","Jul 9, 2019 12:26:38 AM","27,978.36"
CH_LTSB_LTSBBIOM,Daily,ltsbbiom,Successful,"Jul 9, 2019 12:00:00 AM","Jul 9, 2019 1:12:53 AM","46,279.67"
CH_Daily_LTSB_Systemstate_Backup,Daily_full,ltsbbidb,Successful,"Jul 9, 2019 1:00:00 AM","Jul 9, 2019 1:56:06 AM","13,505.71"
CH_LTSB_VMOPVDESIGN,Daily,VMOPVDESIGN,Successful,"Jul 9, 2019 1:00:00 AM","Jul 9, 2019 8:24:52 AM","206,773.82"
CH_Daily_LTSB_Systemstate_Backup,Daily_full,ltsbbiweb,Successful,"Jul 9, 2019 1:00:00 AM","Jul 9, 2019 1:53:26 AM","12,086"
CH_Daily_LTSB_Systemstate_Backup,Daily_full,ltsbbiap,Successful,"Jul 9, 2019 1:00:00 AM","Jul 9, 2019 1:34:41 AM","12,707.96"
CH_LTSB_LTSBERPAP,Daily,ltsberpap1,Successful,"Jul 9, 2019 2:00:00 AM","Jul 9, 2019 12:48:18 PM","460,395.05"
CH_LTSB_LTSBERPDB,Daily,ltsberpdb,Successful,"Jul 9, 2019 2:30:00 AM","Jul 9, 2019 9:56:48 AM","117,359.01"
CH_LTSB_CHVSLTSBSPTD,Daily,chvsltsbsptd,Successful,"Jul 9, 2019 2:30:00 AM","Jul 9, 2019 7:12:46 AM","170,043.7"
CH_LTSB_LTSBMINGLE,Daily,ltsbmingle1_old,Successful,"Jul 9, 2019 3:00:00 AM","Jul 9, 2019 6:53:44 AM","93,602.34"
CH_LTSB_CHVSLTSBWEB,Daily,chvsltsbweb,Successful,"Jul 9, 2019 3:00:00 AM","Jul 9, 2019 8:48:30 AM","139,895.92"
CH_LTSB_LTSBION,Daily,ltsbion_new1_old,Successful,"Jul 9, 2019 3:15:00 AM","Jul 9, 2019 7:09:54 AM","107,061.88"
CH_LTSB_CHVSLTSBTFSD,Daily,chvsltsbtfsd,Successful,"Jul 9, 2019 3:30:00 AM","Jul 9, 2019 7:19:22 AM","101,560.99"
CH_LTSB_LTSBQUADB,Daily,ltsbquadb,Successful,"Jul 9, 2019 3:30:00 AM","Jul 9, 2019 9:00:44 AM","160,346.52"
CH_LTSB_LTSBQUAAP,Daily,ltsbquaap,Successful,"Jul 9, 2019 4:00:00 AM","Jul 9, 2019 8:07:16 AM","74,498.24"
CH_LTSB_LTSBDEVDB,Daily,ltsbdevdb,Successful,"Jul 9, 2019 4:15:00 AM","Jul 9, 2019 9:04:30 AM","209,842.06"
CH_LTSB_DB6Month_Retention,Daily,chvsltsbweb,Successful,"Jul 9, 2019 6:00:00 AM","Jul 9, 2019 6:46:16 AM","20,289.13"
CH_LTSB_DB7Month_Retention,Daily,ltsbion_new1_old,Successful,"Jul 9, 2019 6:00:00 AM","Jul 9, 2019 8:29:08 AM","90,455.2"
CH_LTSB_DB7Month_Retention,Daily,ltsberpdb,Successful,"Jul 9, 2019 6:00:00 AM","Jul 9, 2019 9:57:27 AM","105,396.31"
CH_LTSB_LTSBPDMPRD,Daily,ltsbpdmprd,Successful,"Jul 9, 2019 6:30:00 AM","Jul 9, 2019 11:17:34 AM","264,666.67"
"Report generated on Jul 9, 2019 1:00:41 PM"
