﻿Level,Date and Time,Source,Event ID,Task Category
Error,27/06/2019 3:23:39 PM,UiPath,0,None,"Job BlankProcess completed with status Error, e6de228a-905c-4cb3-ab44-8df9003d49f4"
Error,27/06/2019 3:20:53 PM,UiPath,0,None,"Job BlankProcess completed with status Error, 2f9106d5-c067-4f9e-b10d-b291f914aa78"
Error,27/06/2019 2:50:55 PM,Microsoft-Windows-Perflib,1008,None,"The Open Procedure for service ""BITS"" in DLL ""C:\Windows\System32\bitsperf.dll"" failed. Performance data for this service will not be available. The first four bytes (DWORD) of the Data section contains the error code."
Error,26/06/2019 2:24:59 PM,Microsoft-Windows-Perflib,1008,None,"The Open Procedure for service ""BITS"" in DLL ""C:\Windows\System32\bitsperf.dll"" failed. Performance data for this service will not be available. The first four bytes (DWORD) of the Data section contains the error code."
Error,25/06/2019 2:15:21 PM,Microsoft-Windows-Perflib,1008,None,"The Open Procedure for service ""BITS"" in DLL ""C:\Windows\System32\bitsperf.dll"" failed. Performance data for this service will not be available. The first four bytes (DWORD) of the Data section contains the error code."
Error,24/06/2019 2:05:44 PM,Microsoft-Windows-Perflib,1008,None,"The Open Procedure for service ""BITS"" in DLL ""C:\Windows\System32\bitsperf.dll"" failed. Performance data for this service will not be available. The first four bytes (DWORD) of the Data section contains the error code."
Error,23/06/2019 1:55:56 PM,Microsoft-Windows-Perflib,1008,None,"The Open Procedure for service ""BITS"" in DLL ""C:\Windows\System32\bitsperf.dll"" failed. Performance data for this service will not be available. The first four bytes (DWORD) of the Data section contains the error code."
Error,22/06/2019 1:46:16 PM,Microsoft-Windows-Perflib,1008,None,"The Open Procedure for service ""BITS"" in DLL ""C:\Windows\System32\bitsperf.dll"" failed. Performance data for this service will not be available. The first four bytes (DWORD) of the Data section contains the error code."
Error,21/06/2019 1:36:28 PM,Microsoft-Windows-Perflib,1008,None,"The Open Procedure for service ""BITS"" in DLL ""C:\Windows\System32\bitsperf.dll"" failed. Performance data for this service will not be available. The first four bytes (DWORD) of the Data section contains the error code."
Error,21/06/2019 11:05:43 AM,Microsoft-Windows-Security-SPP,8208,None,Acquisition of genuine ticket failed (hr=0x80072EE2) for template Id {99d92734-d682-4d71-983e-d6ec3f16059f}
Error,21/06/2019 11:05:43 AM,Microsoft-Windows-Security-SPP,8200,None,"License acquisition failure details. 
hr=0x80072EE2"
Error,20/06/2019 1:26:46 PM,Microsoft-Windows-Perflib,1008,None,"The Open Procedure for service ""BITS"" in DLL ""C:\Windows\System32\bitsperf.dll"" failed. Performance data for this service will not be available. The first four bytes (DWORD) of the Data section contains the error code."
Error,19/06/2019 1:16:57 PM,Microsoft-Windows-Perflib,1008,None,"The Open Procedure for service ""BITS"" in DLL ""C:\Windows\System32\bitsperf.dll"" failed. Performance data for this service will not be available. The first four bytes (DWORD) of the Data section contains the error code."
Error,18/06/2019 4:07:37 PM,McAfee Endpoint Security,3,None,EventID=18059

ExP:NIPS Violation Blocked a Network Exploit attempt.
Error,18/06/2019 3:34:22 PM,McAfee Endpoint Security,3,None,EventID=18059

ExP:NIPS Violation Blocked a Network Exploit attempt.
Error,18/06/2019 1:07:05 PM,Microsoft-Windows-Perflib,1008,None,"The Open Procedure for service ""BITS"" in DLL ""C:\Windows\System32\bitsperf.dll"" failed. Performance data for this service will not be available. The first four bytes (DWORD) of the Data section contains the error code."
Error,17/06/2019 12:57:23 PM,Microsoft-Windows-Perflib,1008,None,"The Open Procedure for service ""BITS"" in DLL ""C:\Windows\System32\bitsperf.dll"" failed. Performance data for this service will not be available. The first four bytes (DWORD) of the Data section contains the error code."
Error,16/06/2019 12:47:41 PM,Microsoft-Windows-Perflib,1008,None,"The Open Procedure for service ""BITS"" in DLL ""C:\Windows\System32\bitsperf.dll"" failed. Performance data for this service will not be available. The first four bytes (DWORD) of the Data section contains the error code."
Error,15/06/2019 12:38:06 PM,Microsoft-Windows-Perflib,1008,None,"The Open Procedure for service ""BITS"" in DLL ""C:\Windows\System32\bitsperf.dll"" failed. Performance data for this service will not be available. The first four bytes (DWORD) of the Data section contains the error code."
Error,14/06/2019 12:28:27 PM,Microsoft-Windows-Perflib,1008,None,"The Open Procedure for service ""BITS"" in DLL ""C:\Windows\System32\bitsperf.dll"" failed. Performance data for this service will not be available. The first four bytes (DWORD) of the Data section contains the error code."
Error,14/06/2019 11:05:09 AM,Microsoft-Windows-Security-SPP,8208,None,Acquisition of genuine ticket failed (hr=0x80072EE2) for template Id {99d92734-d682-4d71-983e-d6ec3f16059f}
Error,14/06/2019 11:05:09 AM,Microsoft-Windows-Security-SPP,8200,None,"License acquisition failure details. 
hr=0x80072EE2"
Error,13/06/2019 12:18:46 PM,Microsoft-Windows-Perflib,1008,None,"The Open Procedure for service ""BITS"" in DLL ""C:\Windows\System32\bitsperf.dll"" failed. Performance data for this service will not be available. The first four bytes (DWORD) of the Data section contains the error code."
Error,12/06/2019 12:09:10 PM,Microsoft-Windows-Perflib,1008,None,"The Open Procedure for service ""BITS"" in DLL ""C:\Windows\System32\bitsperf.dll"" failed. Performance data for this service will not be available. The first four bytes (DWORD) of the Data section contains the error code."
Error,11/06/2019 11:59:18 AM,Microsoft-Windows-Perflib,1008,None,"The Open Procedure for service ""BITS"" in DLL ""C:\Windows\System32\bitsperf.dll"" failed. Performance data for this service will not be available. The first four bytes (DWORD) of the Data section contains the error code."
Error,11/06/2019 11:58:45 AM,DPAWL CredProvUser,2033,None,"Authentication failed.
An unexpected authentication server error 0xRET_FAILURE|0xFFFFFFFF occurred.
Error code: <-400> Error message: <Failed to run function! Trying to fail over to another connector>, Error code: <-400> Error message: <Could not acquire a new connector>

Subject:
	User:			ltsb\mdm
	Workstation:		CHVSLTSBRPA
Process Information:
	Process ID:		0x0000000000001820
	Process Name:		C:\Windows\System32\CredentialUIBroker.exe
Target Server:
	DNS Service Name:	_ikeyserver-seal
	Primary Server Address:	192.168.226.42
	Primary Server Port:	20004
	Backup Server Address:	192.168.226.42
	Backup Server Port:	20004
Connection Error:
	Error Code:		0xFFFFFFFF
	Error Message:		An unspecified error occurred
	Error Details:		Error code: <-400> Error message: <Failed to run function! Trying to fail over to another connector>, Error code: <-400> Error message: <Could not acquire a new connector>"
Error,07/06/2019 11:05:06 AM,Microsoft-Windows-Security-SPP,8208,None,Acquisition of genuine ticket failed (hr=0x80072EE2) for template Id {99d92734-d682-4d71-983e-d6ec3f16059f}
Error,07/06/2019 11:05:06 AM,Microsoft-Windows-Security-SPP,8200,None,"License acquisition failure details. 
hr=0x80072EE2"
Error,03/06/2019 3:08:13 PM,Microsoft-Windows-Defrag,257,None,The volume (C:) was not optimized because an error was encountered: Neither Slab Consolidation nor Slab Analysis will run if slabs are less than 8 MB. (0x8900002D)
Error,03/06/2019 3:08:12 PM,Microsoft-Windows-Defrag,257,None,The volume New Volume (D:) was not optimized because an error was encountered: Neither Slab Consolidation nor Slab Analysis will run if slabs are less than 8 MB. (0x8900002D)
Error,03/06/2019 3:08:12 PM,Microsoft-Windows-Defrag,257,None,The volume System Reserved was not optimized because an error was encountered: Neither Slab Consolidation nor Slab Analysis will run if slabs are less than 8 MB. (0x8900002D)
Error,03/06/2019 11:00:23 AM,UiPath,0,None,"Job RPA SAP PRODUCTION completed with status Error, 89b86f32-bea0-4539-93a6-77ba5585730b"
Error,03/06/2019 10:58:35 AM,UiPath,0,None,"Job RPA SAP PRODUCTION completed with status Cancelled, dadc99a2-301e-42b7-b557-ebb02b4e79e2"
Error,03/06/2019 10:49:27 AM,UiPath,0,None,"Job RPA SAP PRODUCTION completed with status Cancelled, 1423bac5-a40a-42b7-a61e-6c1e5becde16"
Error,03/06/2019 10:47:36 AM,UiPath,0,None,"Job RPA SAP PRODUCTION completed with status Cancelled, 01929154-e072-4bd0-ae58-4c8209bb4915"
Error,03/06/2019 10:42:52 AM,UiPath,0,None,"Job RPA SAP PRODUCTION completed with status Cancelled, 64e381a4-6e66-4aad-9a35-b90f4a268706"
Error,03/06/2019 10:30:34 AM,Microsoft-Windows-Perflib,1008,None,"The Open Procedure for service ""BITS"" in DLL ""C:\Windows\System32\bitsperf.dll"" failed. Performance data for this service will not be available. The first four bytes (DWORD) of the Data section contains the error code."
Error,31/05/2019 11:04:35 AM,Microsoft-Windows-Security-SPP,8208,None,Acquisition of genuine ticket failed (hr=0x80072EE2) for template Id {99d92734-d682-4d71-983e-d6ec3f16059f}
Error,31/05/2019 11:04:35 AM,Microsoft-Windows-Security-SPP,8200,None,"License acquisition failure details. 
hr=0x80072EE2"
Error,30/05/2019 6:38:00 PM,Microsoft-Windows-Defrag,257,None,The volume (C:) was not optimized because an error was encountered: Neither Slab Consolidation nor Slab Analysis will run if slabs are less than 8 MB. (0x8900002D)
Error,30/05/2019 6:37:59 PM,Microsoft-Windows-Defrag,257,None,The volume New Volume (D:) was not optimized because an error was encountered: Neither Slab Consolidation nor Slab Analysis will run if slabs are less than 8 MB. (0x8900002D)
Error,30/05/2019 6:37:58 PM,Microsoft-Windows-Defrag,257,None,The volume System Reserved was not optimized because an error was encountered: Neither Slab Consolidation nor Slab Analysis will run if slabs are less than 8 MB. (0x8900002D)
Error,30/05/2019 5:01:10 PM,Microsoft-Windows-Perflib,1008,None,"The Open Procedure for service ""BITS"" in DLL ""C:\Windows\System32\bitsperf.dll"" failed. Performance data for this service will not be available. The first four bytes (DWORD) of the Data section contains the error code."
Error,30/05/2019 12:35:23 PM,UiPath,0,None,"Job RPA SAP PRODUCTION completed with status Error, 0d61d2c4-a587-4660-9d9b-f0b274760a57"
Error,30/05/2019 12:34:05 PM,UiPath,0,None,"Job RPA SAP PRODUCTION completed with status Cancelled, 5a3d9ba1-f251-49ea-a60d-ed3e7ab02d3c"
Error,30/05/2019 12:32:16 PM,UiPath,0,None,"Job RPA SAP PRODUCTION completed with status Error, 01c2cd9a-7781-46d0-ad2c-d5b3e8a6e689"
Error,29/05/2019 4:51:31 PM,Microsoft-Windows-Perflib,1008,None,"The Open Procedure for service ""BITS"" in DLL ""C:\Windows\System32\bitsperf.dll"" failed. Performance data for this service will not be available. The first four bytes (DWORD) of the Data section contains the error code."
Error,28/05/2019 6:15:44 PM,UiPath,0,None,"Job RPA SAP PRODUCTION completed with status Error, 0840d190-5d68-4b52-8ec6-1dfd75f2b92a"
Error,28/05/2019 4:41:58 PM,Microsoft-Windows-Perflib,1008,None,"The Open Procedure for service ""BITS"" in DLL ""C:\Windows\System32\bitsperf.dll"" failed. Performance data for this service will not be available. The first four bytes (DWORD) of the Data section contains the error code."
Error,28/05/2019 12:00:41 PM,UiPath,0,None,"Job RPA SAP PRODUCTION completed with status Error, 91883b40-21c6-402c-b057-c57524e35351"
Error,28/05/2019 11:58:50 AM,UiPath,0,None,"Job RPA SAP PRODUCTION completed with status Error, 53951f89-6284-48d4-a394-0d37502b76c5"
Error,27/05/2019 4:32:16 PM,Microsoft-Windows-Perflib,1008,None,"The Open Procedure for service ""BITS"" in DLL ""C:\Windows\System32\bitsperf.dll"" failed. Performance data for this service will not be available. The first four bytes (DWORD) of the Data section contains the error code."
Error,26/05/2019 4:22:36 PM,Microsoft-Windows-Perflib,1008,None,"The Open Procedure for service ""BITS"" in DLL ""C:\Windows\System32\bitsperf.dll"" failed. Performance data for this service will not be available. The first four bytes (DWORD) of the Data section contains the error code."
Error,25/05/2019 4:12:50 PM,Microsoft-Windows-Perflib,1008,None,"The Open Procedure for service ""BITS"" in DLL ""C:\Windows\System32\bitsperf.dll"" failed. Performance data for this service will not be available. The first four bytes (DWORD) of the Data section contains the error code."
Error,24/05/2019 4:03:05 PM,Microsoft-Windows-Perflib,1008,None,"The Open Procedure for service ""BITS"" in DLL ""C:\Windows\System32\bitsperf.dll"" failed. Performance data for this service will not be available. The first four bytes (DWORD) of the Data section contains the error code."
Error,24/05/2019 11:03:39 AM,Microsoft-Windows-Security-SPP,8208,None,Acquisition of genuine ticket failed (hr=0x80072EE2) for template Id {99d92734-d682-4d71-983e-d6ec3f16059f}
Error,24/05/2019 11:03:39 AM,Microsoft-Windows-Security-SPP,8200,None,"License acquisition failure details. 
hr=0x80072EE2"
Error,23/05/2019 3:53:25 PM,Microsoft-Windows-Perflib,1008,None,"The Open Procedure for service ""BITS"" in DLL ""C:\Windows\System32\bitsperf.dll"" failed. Performance data for this service will not be available. The first four bytes (DWORD) of the Data section contains the error code."
Error,22/05/2019 3:43:43 PM,Microsoft-Windows-Perflib,1008,None,"The Open Procedure for service ""BITS"" in DLL ""C:\Windows\System32\bitsperf.dll"" failed. Performance data for this service will not be available. The first four bytes (DWORD) of the Data section contains the error code."
Error,21/05/2019 3:34:02 PM,Microsoft-Windows-Perflib,1008,None,"The Open Procedure for service ""BITS"" in DLL ""C:\Windows\System32\bitsperf.dll"" failed. Performance data for this service will not be available. The first four bytes (DWORD) of the Data section contains the error code."
Error,20/05/2019 3:24:16 PM,Microsoft-Windows-Perflib,1008,None,"The Open Procedure for service ""BITS"" in DLL ""C:\Windows\System32\bitsperf.dll"" failed. Performance data for this service will not be available. The first four bytes (DWORD) of the Data section contains the error code."
Error,19/05/2019 3:14:31 PM,Microsoft-Windows-Perflib,1008,None,"The Open Procedure for service ""BITS"" in DLL ""C:\Windows\System32\bitsperf.dll"" failed. Performance data for this service will not be available. The first four bytes (DWORD) of the Data section contains the error code."
Error,18/05/2019 3:04:50 PM,Microsoft-Windows-Perflib,1008,None,"The Open Procedure for service ""BITS"" in DLL ""C:\Windows\System32\bitsperf.dll"" failed. Performance data for this service will not be available. The first four bytes (DWORD) of the Data section contains the error code."
Error,17/05/2019 2:55:06 PM,Microsoft-Windows-Perflib,1008,None,"The Open Procedure for service ""BITS"" in DLL ""C:\Windows\System32\bitsperf.dll"" failed. Performance data for this service will not be available. The first four bytes (DWORD) of the Data section contains the error code."
Error,17/05/2019 11:03:33 AM,Microsoft-Windows-Security-SPP,8208,None,Acquisition of genuine ticket failed (hr=0x80072EE2) for template Id {99d92734-d682-4d71-983e-d6ec3f16059f}
Error,17/05/2019 11:03:33 AM,Microsoft-Windows-Security-SPP,8200,None,"License acquisition failure details. 
hr=0x80072EE2"
Error,16/05/2019 2:45:22 PM,Microsoft-Windows-Perflib,1008,None,"The Open Procedure for service ""BITS"" in DLL ""C:\Windows\System32\bitsperf.dll"" failed. Performance data for this service will not be available. The first four bytes (DWORD) of the Data section contains the error code."
Error,15/05/2019 2:35:41 PM,Microsoft-Windows-Perflib,1008,None,"The Open Procedure for service ""BITS"" in DLL ""C:\Windows\System32\bitsperf.dll"" failed. Performance data for this service will not be available. The first four bytes (DWORD) of the Data section contains the error code."
Error,14/05/2019 2:26:00 PM,Microsoft-Windows-Perflib,1008,None,"The Open Procedure for service ""BITS"" in DLL ""C:\Windows\System32\bitsperf.dll"" failed. Performance data for this service will not be available. The first four bytes (DWORD) of the Data section contains the error code."
Error,13/05/2019 2:16:25 PM,Microsoft-Windows-Perflib,1008,None,"The Open Procedure for service ""BITS"" in DLL ""C:\Windows\System32\bitsperf.dll"" failed. Performance data for this service will not be available. The first four bytes (DWORD) of the Data section contains the error code."
Error,12/05/2019 2:06:46 PM,Microsoft-Windows-Perflib,1008,None,"The Open Procedure for service ""BITS"" in DLL ""C:\Windows\System32\bitsperf.dll"" failed. Performance data for this service will not be available. The first four bytes (DWORD) of the Data section contains the error code."
Error,11/05/2019 1:57:07 PM,Microsoft-Windows-Perflib,1008,None,"The Open Procedure for service ""BITS"" in DLL ""C:\Windows\System32\bitsperf.dll"" failed. Performance data for this service will not be available. The first four bytes (DWORD) of the Data section contains the error code."
Error,10/05/2019 1:47:20 PM,Microsoft-Windows-Perflib,1008,None,"The Open Procedure for service ""BITS"" in DLL ""C:\Windows\System32\bitsperf.dll"" failed. Performance data for this service will not be available. The first four bytes (DWORD) of the Data section contains the error code."
Error,10/05/2019 11:02:45 AM,Microsoft-Windows-Security-SPP,8208,None,Acquisition of genuine ticket failed (hr=0x80072EE2) for template Id {99d92734-d682-4d71-983e-d6ec3f16059f}
Error,10/05/2019 11:02:45 AM,Microsoft-Windows-Security-SPP,8200,None,"License acquisition failure details. 
hr=0x80072EE2"
Error,09/05/2019 1:37:47 PM,Microsoft-Windows-Perflib,1008,None,"The Open Procedure for service ""BITS"" in DLL ""C:\Windows\System32\bitsperf.dll"" failed. Performance data for this service will not be available. The first four bytes (DWORD) of the Data section contains the error code."
Error,08/05/2019 1:27:58 PM,Microsoft-Windows-Perflib,1008,None,"The Open Procedure for service ""BITS"" in DLL ""C:\Windows\System32\bitsperf.dll"" failed. Performance data for this service will not be available. The first four bytes (DWORD) of the Data section contains the error code."
Error,07/05/2019 1:18:19 PM,Microsoft-Windows-Perflib,1008,None,"The Open Procedure for service ""BITS"" in DLL ""C:\Windows\System32\bitsperf.dll"" failed. Performance data for this service will not be available. The first four bytes (DWORD) of the Data section contains the error code."
Error,06/05/2019 1:08:42 PM,Microsoft-Windows-Perflib,1008,None,"The Open Procedure for service ""BITS"" in DLL ""C:\Windows\System32\bitsperf.dll"" failed. Performance data for this service will not be available. The first four bytes (DWORD) of the Data section contains the error code."
Error,05/05/2019 12:59:07 PM,Microsoft-Windows-Perflib,1008,None,"The Open Procedure for service ""BITS"" in DLL ""C:\Windows\System32\bitsperf.dll"" failed. Performance data for this service will not be available. The first four bytes (DWORD) of the Data section contains the error code."
Error,04/05/2019 12:49:33 PM,Microsoft-Windows-Perflib,1008,None,"The Open Procedure for service ""BITS"" in DLL ""C:\Windows\System32\bitsperf.dll"" failed. Performance data for this service will not be available. The first four bytes (DWORD) of the Data section contains the error code."
Error,03/05/2019 12:40:03 PM,Microsoft-Windows-Perflib,1008,None,"The Open Procedure for service ""BITS"" in DLL ""C:\Windows\System32\bitsperf.dll"" failed. Performance data for this service will not be available. The first four bytes (DWORD) of the Data section contains the error code."
Error,03/05/2019 11:01:56 AM,Microsoft-Windows-Security-SPP,8208,None,Acquisition of genuine ticket failed (hr=0x80072EE2) for template Id {99d92734-d682-4d71-983e-d6ec3f16059f}
Error,03/05/2019 11:01:56 AM,Microsoft-Windows-Security-SPP,8200,None,"License acquisition failure details. 
hr=0x80072EE2"
Error,02/05/2019 7:00:54 PM,Microsoft-Windows-Defrag,257,None,The volume (C:) was not optimized because an error was encountered: Neither Slab Consolidation nor Slab Analysis will run if slabs are less than 8 MB. (0x8900002D)
Error,02/05/2019 7:00:53 PM,Microsoft-Windows-Defrag,257,None,The volume New Volume (D:) was not optimized because an error was encountered: Neither Slab Consolidation nor Slab Analysis will run if slabs are less than 8 MB. (0x8900002D)
Error,02/05/2019 7:00:52 PM,Microsoft-Windows-Defrag,257,None,The volume System Reserved was not optimized because an error was encountered: Neither Slab Consolidation nor Slab Analysis will run if slabs are less than 8 MB. (0x8900002D)
Error,02/05/2019 12:28:21 PM,Microsoft-Windows-Perflib,1008,None,"The Open Procedure for service ""BITS"" in DLL ""C:\Windows\System32\bitsperf.dll"" failed. Performance data for this service will not be available. The first four bytes (DWORD) of the Data section contains the error code."
Error,01/05/2019 12:02:14 PM,Microsoft-Windows-Perflib,1008,None,"The Open Procedure for service ""BITS"" in DLL ""C:\Windows\System32\bitsperf.dll"" failed. Performance data for this service will not be available. The first four bytes (DWORD) of the Data section contains the error code."
Error,30/04/2019 11:54:40 AM,UiPath,0,None,"Job RPA SAP PRODUCTION completed with status Error, 57bc6f6a-2d60-4565-b27a-f455e28b4e6d"
Error,30/04/2019 11:52:10 AM,Microsoft-Windows-Perflib,1008,None,"The Open Procedure for service ""BITS"" in DLL ""C:\Windows\System32\bitsperf.dll"" failed. Performance data for this service will not be available. The first four bytes (DWORD) of the Data section contains the error code."
Error,29/04/2019 6:53:50 PM,UiPath,0,None,"Job RPA SAP PRODUCTION completed with status Error, 9cd1bd10-0ea2-47c8-b29f-40bdccba41cf"
Error,29/04/2019 6:52:29 PM,UiPath,0,None,"Job RPA SAP PRODUCTION completed with status Error, 4dcc891e-89e8-4b6d-b733-399238b85fe6"
Error,29/04/2019 6:51:34 PM,UiPath,0,None,"Job RPA SAP PRODUCTION completed with status Error, 5f371c82-b88b-45a8-99cf-c61508a7f4a7"
Error,29/04/2019 6:49:44 PM,UiPath,0,None,"Job RPA SAP PRODUCTION completed with status Cancelled, 843833b5-ce17-4c8e-aaab-4670841e9158"
Error,29/04/2019 6:49:20 PM,UiPath,0,None,"Job RPA SAP PRODUCTION completed with status Cancelled, 69394c79-d9e1-4fa9-91c3-e222a551e00e"
Error,29/04/2019 6:29:49 PM,Application Error,1000,(100),"Faulting application name: EXCEL.EXE, version: 15.0.5111.1000, time stamp: 0x5c425a2e
Faulting module name: combase.dll, version: 10.0.14393.2848, time stamp: 0x5c7f62f9
Exception code: 0xc0000005
Fault offset: 0x00000000000b0860
Faulting process id: 0x1c88
Faulting application start time: 0x01d4fe8b6b8f4f33
Faulting application path: C:\Program Files\Microsoft Office\Office15\EXCEL.EXE
Faulting module path: C:\Windows\System32\combase.dll
Report Id: 8032806b-1e23-40fa-b772-cbf55e1d8a47
Faulting package full name: 
Faulting package-relative application ID: "
Error,29/04/2019 6:14:39 PM,UiPath,0,None,"Job RPA SAP PRODUCTION completed with status Error, dda4ab82-e6ae-4845-8529-68f2d3121de9"
Error,29/04/2019 5:41:14 PM,UiPath,0,None,"Job RPA SAP PRODUCTION completed with status Error, 10bc3903-e167-49a0-9b0a-bfff3771f827"
Error,29/04/2019 5:40:39 PM,Application Error,1000,(100),"Faulting application name: EXCEL.EXE, version: 15.0.5111.1000, time stamp: 0x5c425a2e
Faulting module name: combase.dll, version: 10.0.14393.2848, time stamp: 0x5c7f62f9
Exception code: 0xc0000005
Fault offset: 0x00000000000b0860
Faulting process id: 0x1588
Faulting application start time: 0x01d4fe848cf95e56
Faulting application path: C:\Program Files\Microsoft Office\Office15\EXCEL.EXE
Faulting module path: C:\Windows\System32\combase.dll
Report Id: c80bce84-b05d-434f-b1a8-eb0c324d33dc
Faulting package full name: 
Faulting package-relative application ID: "
Error,29/04/2019 5:16:34 PM,UiPath,0,None,"Job RPA_SAP_PRODUCTION completed with status Error, 55cedff5-cd93-4e41-a418-06fec9136056"
Error,29/04/2019 2:28:53 PM,UiPath,0,None,"Job RPA_SAP_PRODUCTION was stopped (forced)!, 7e786e3b-2f55-4b7b-b81f-93b22b0b9b4f"
Error,29/04/2019 2:23:44 PM,UiPath,0,None,"Job RPA_SAP_PRODUCTION was stopped (forced)!, 0a8fc1ee-8665-42cd-a749-4b91f7ddccdb"
Error,29/04/2019 2:06:24 PM,UiPath,0,None,"Job RPA SAP PRODUCTION completed with status Error, d1405101-4bf3-465b-83fb-674b7cad7527"
Error,29/04/2019 2:05:49 PM,Application Error,1000,(100),"Faulting application name: EXCEL.EXE, version: 15.0.5111.1000, time stamp: 0x5c425a2e
Faulting module name: VBE7.DLL_unloaded, version: 7.1.10.68, time stamp: 0x58def301
Exception code: 0xc0000005
Fault offset: 0x0000000000012034
Faulting process id: 0x1054
Faulting application start time: 0x01d4fe6689e91195
Faulting application path: C:\Program Files\Microsoft Office\Office15\EXCEL.EXE
Faulting module path: VBE7.DLL
Report Id: 141c4e91-8305-442d-a43d-3cb619cf4cb0
Faulting package full name: 
Faulting package-relative application ID: "
Error,29/04/2019 2:02:38 PM,Application Error,1000,(100),"Faulting application name: EXCEL.EXE, version: 15.0.5111.1000, time stamp: 0x5c425a2e
Faulting module name: VBE7.DLL_unloaded, version: 7.1.10.68, time stamp: 0x58def301
Exception code: 0xc0000005
Fault offset: 0x0000000000012034
Faulting process id: 0x1a50
Faulting application start time: 0x01d4fe6617c8b7f5
Faulting application path: C:\Program Files\Microsoft Office\Office15\EXCEL.EXE
Faulting module path: VBE7.DLL
Report Id: f97e6226-eed4-4648-9da7-c0b84c70b91b
Faulting package full name: 
Faulting package-relative application ID: "
Error,29/04/2019 2:02:36 PM,UiPath,0,None,"Job RPA SAP PRODUCTION completed with status Error, b012c6a6-82b5-48d1-93dc-3b9389c9c1b1"
Error,29/04/2019 2:00:19 PM,Application Error,1000,(100),"Faulting application name: EXCEL.EXE, version: 15.0.5111.1000, time stamp: 0x5c425a2e
Faulting module name: combase.dll, version: 10.0.14393.2848, time stamp: 0x5c7f62f9
Exception code: 0xc0000005
Fault offset: 0x00000000000b0860
Faulting process id: 0x1870
Faulting application start time: 0x01d4fe65c5173606
Faulting application path: C:\Program Files\Microsoft Office\Office15\EXCEL.EXE
Faulting module path: C:\Windows\System32\combase.dll
Report Id: 2b2fa320-1e07-4d92-bf1d-2b951c161d43
Faulting package full name: 
Faulting package-relative application ID: "
Error,29/04/2019 2:00:17 PM,UiPath,0,None,"Job RPA SAP PRODUCTION completed with status Error, 74faf765-60bd-49d0-a006-7b56ec1f934b"
Error,29/04/2019 1:35:57 PM,UiPath,0,None,"Job RPA SAP PRODUCTION completed with status Error, c138beb3-e48d-40f4-9839-152d04d15e7f"
Error,29/04/2019 1:30:58 PM,Application Error,1000,(100),"Faulting application name: EXCEL.EXE, version: 15.0.5111.1000, time stamp: 0x5c425a2e
Faulting module name: combase.dll, version: 10.0.14393.2848, time stamp: 0x5c7f62f9
Exception code: 0xc0000005
Fault offset: 0x00000000000b0860
Faulting process id: 0x16c8
Faulting application start time: 0x01d4fe61ac0b8681
Faulting application path: C:\Program Files\Microsoft Office\Office15\EXCEL.EXE
Faulting module path: C:\Windows\System32\combase.dll
Report Id: f66f100c-813c-4e1d-b37f-43b3b126f7a0
Faulting package full name: 
Faulting package-relative application ID: "
Error,29/04/2019 1:30:57 PM,UiPath,0,None,"Job RPA SAP PRODUCTION completed with status Error, b3e680e8-fd5d-448a-a7b4-d1cae8c57a27"
Error,29/04/2019 1:26:38 PM,UiPath,0,None,"Job RPA SAP PRODUCTION completed with status Error, ede8eea6-4348-42e7-a366-c8863155955f"
Error,29/04/2019 1:24:03 PM,UiPath,0,None,"Job RPA SAP PRODUCTION completed with status Error, 336d020a-446b-42bb-abae-300b3acd5d8a"
Error,29/04/2019 1:21:10 PM,Application Error,1000,(100),"Faulting application name: EXCEL.EXE, version: 15.0.5111.1000, time stamp: 0x5c425a2e
Faulting module name: VBE7.DLL_unloaded, version: 7.1.10.68, time stamp: 0x58def301
Exception code: 0xc0000005
Fault offset: 0x0000000000012034
Faulting process id: 0x4a0
Faulting application start time: 0x01d4fe604ce41a05
Faulting application path: C:\Program Files\Microsoft Office\Office15\EXCEL.EXE
Faulting module path: VBE7.DLL
Report Id: 372933a0-8e6d-44da-aade-13f11e1b8957
Faulting package full name: 
Faulting package-relative application ID: "
Error,29/04/2019 1:21:08 PM,UiPath,0,None,"Job RPA SAP PRODUCTION completed with status Error, ef040c51-38c9-4dde-aed7-dd4725d1dffc"
Error,29/04/2019 1:14:50 PM,Application Error,1000,(100),"Faulting application name: EXCEL.EXE, version: 15.0.5111.1000, time stamp: 0x5c425a2e
Faulting module name: VBE7.DLL_unloaded, version: 7.1.10.68, time stamp: 0x58def301
Exception code: 0xc0000005
Fault offset: 0x0000000000012034
Faulting process id: 0x11ac
Faulting application start time: 0x01d4fe5f495e561b
Faulting application path: C:\Program Files\Microsoft Office\Office15\EXCEL.EXE
Faulting module path: VBE7.DLL
Report Id: f1d79721-8fe1-45d6-87cb-151a68ea56b7
Faulting package full name: 
Faulting package-relative application ID: "
Error,29/04/2019 12:52:19 PM,UiPath,0,None,"Job RPA SAP PRODUCTION was stopped (forced)!, a4ae8c0e-b2c7-4b0e-96f0-4cd20aae6af5"
Error,29/04/2019 12:43:29 PM,UiPath,0,None,"Job RPA SAP PRODUCTION completed with status Cancelled, 02980ba8-c21b-4228-844a-9a0ddfea37b3"
Error,29/04/2019 12:32:16 PM,UiPath,0,None,"Job RPA SAP PRODUCTION completed with status Error, 84aba9bd-ada7-49e7-b3ca-e07a717f052d"
Error,29/04/2019 12:31:41 PM,Application Error,1000,(100),"Faulting application name: EXCEL.EXE, version: 15.0.5111.1000, time stamp: 0x5c425a2e
Faulting module name: VBE7.DLL_unloaded, version: 7.1.10.68, time stamp: 0x58def301
Exception code: 0xc0000005
Fault offset: 0x0000000000012034
Faulting process id: 0x4c
Faulting application start time: 0x01d4fe5963a4dfa1
Faulting application path: C:\Program Files\Microsoft Office\Office15\EXCEL.EXE
Faulting module path: VBE7.DLL
Report Id: e2492149-74e9-4759-a2aa-2bff47932827
Faulting package full name: 
Faulting package-relative application ID: "
Error,29/04/2019 12:20:07 PM,UiPath,0,None,"Job RPA SAP PRODUCTION completed with status Error, f7eb87cd-6a5a-431d-a399-db42dae58abc"
Error,29/04/2019 12:19:31 PM,Application Error,1000,(100),"Faulting application name: EXCEL.EXE, version: 15.0.5111.1000, time stamp: 0x5c425a2e
Faulting module name: combase.dll, version: 10.0.14393.2848, time stamp: 0x5c7f62f9
Exception code: 0xc0000005
Fault offset: 0x00000000000b0860
Faulting process id: 0x1390
Faulting application start time: 0x01d4fe57aff0d7ec
Faulting application path: C:\Program Files\Microsoft Office\Office15\EXCEL.EXE
Faulting module path: C:\Windows\System32\combase.dll
Report Id: c7fb8c1f-89b1-46ba-8564-8500671ed2d8
Faulting package full name: 
Faulting package-relative application ID: "
Error,29/04/2019 12:10:59 PM,UiPath,0,None,"Job RPA SAP PRODUCTION completed with status Error, f8aa5d72-1b12-4b89-9ff5-53b41aaecd91"
Error,29/04/2019 12:03:57 PM,UiPath,0,None,"Job RPA SAP PRODUCTION completed with status Error, f9804463-734f-441d-9b49-fed78600fd53"
Error,29/04/2019 11:42:23 AM,Microsoft-Windows-Perflib,1008,None,"The Open Procedure for service ""BITS"" in DLL ""C:\Windows\System32\bitsperf.dll"" failed. Performance data for this service will not be available. The first four bytes (DWORD) of the Data section contains the error code."
Error,28/04/2019 11:32:35 AM,Microsoft-Windows-Perflib,1008,None,"The Open Procedure for service ""BITS"" in DLL ""C:\Windows\System32\bitsperf.dll"" failed. Performance data for this service will not be available. The first four bytes (DWORD) of the Data section contains the error code."
Error,27/04/2019 11:22:53 AM,Microsoft-Windows-Perflib,1008,None,"The Open Procedure for service ""BITS"" in DLL ""C:\Windows\System32\bitsperf.dll"" failed. Performance data for this service will not be available. The first four bytes (DWORD) of the Data section contains the error code."
Error,26/04/2019 2:35:54 PM,UiPath,0,None,"Job RPA SAP PRODUCTION completed with status Cancelled, d0fdfefb-071c-4fb0-9829-8fd516f58cf9"
Error,26/04/2019 12:05:21 PM,UiPath,0,None,"Job RPA SAP PRODUCTION completed with status Error, ce5bae4f-96ae-489a-9f72-467248621b72"
Error,26/04/2019 11:13:19 AM,Microsoft-Windows-Perflib,1008,None,"The Open Procedure for service ""BITS"" in DLL ""C:\Windows\System32\bitsperf.dll"" failed. Performance data for this service will not be available. The first four bytes (DWORD) of the Data section contains the error code."
Error,26/04/2019 11:00:58 AM,Microsoft-Windows-Security-SPP,8208,None,Acquisition of genuine ticket failed (hr=0x80072EE2) for template Id {99d92734-d682-4d71-983e-d6ec3f16059f}
Error,26/04/2019 11:00:58 AM,Microsoft-Windows-Security-SPP,8200,None,"License acquisition failure details. 
hr=0x80072EE2"
Error,19/04/2019 11:00:43 AM,Microsoft-Windows-Security-SPP,8208,None,Acquisition of genuine ticket failed (hr=0x80072EE2) for template Id {99d92734-d682-4d71-983e-d6ec3f16059f}
Error,19/04/2019 11:00:43 AM,Microsoft-Windows-Security-SPP,8200,None,"License acquisition failure details. 
hr=0x80072EE2"
Error,12/04/2019 10:59:45 AM,Microsoft-Windows-Security-SPP,8208,None,Acquisition of genuine ticket failed (hr=0x80072EE2) for template Id {99d92734-d682-4d71-983e-d6ec3f16059f}
Error,12/04/2019 10:59:45 AM,Microsoft-Windows-Security-SPP,8200,None,"License acquisition failure details. 
hr=0x80072EE2"
Error,07/04/2019 9:03:07 PM,Microsoft-Windows-Defrag,257,None,The volume (C:) was not optimized because an error was encountered: Neither Slab Consolidation nor Slab Analysis will run if slabs are less than 8 MB. (0x8900002D)
Error,07/04/2019 9:03:06 PM,Microsoft-Windows-Defrag,257,None,The volume New Volume (D:) was not optimized because an error was encountered: Neither Slab Consolidation nor Slab Analysis will run if slabs are less than 8 MB. (0x8900002D)
Error,07/04/2019 9:03:05 PM,Microsoft-Windows-Defrag,257,None,The volume System Reserved was not optimized because an error was encountered: Neither Slab Consolidation nor Slab Analysis will run if slabs are less than 8 MB. (0x8900002D)
Error,07/04/2019 2:28:45 PM,Microsoft-Windows-Perflib,1008,None,"The Open Procedure for service ""BITS"" in DLL ""C:\Windows\System32\bitsperf.dll"" failed. Performance data for this service will not be available. The first four bytes (DWORD) of the Data section contains the error code."
Error,06/04/2019 2:16:58 PM,Microsoft-Windows-Perflib,1008,None,"The Open Procedure for service ""BITS"" in DLL ""C:\Windows\System32\bitsperf.dll"" failed. Performance data for this service will not be available. The first four bytes (DWORD) of the Data section contains the error code."
Error,05/04/2019 2:05:25 PM,Microsoft-Windows-Perflib,1008,None,"The Open Procedure for service ""BITS"" in DLL ""C:\Windows\System32\bitsperf.dll"" failed. Performance data for this service will not be available. The first four bytes (DWORD) of the Data section contains the error code."
Error,05/04/2019 10:59:03 AM,Microsoft-Windows-Security-SPP,8208,None,Acquisition of genuine ticket failed (hr=0x80072EE2) for template Id {99d92734-d682-4d71-983e-d6ec3f16059f}
Error,05/04/2019 10:59:03 AM,Microsoft-Windows-Security-SPP,8200,None,"License acquisition failure details. 
hr=0x80072EE2"
Error,29/03/2019 10:16:16 PM,Microsoft-Windows-Defrag,257,None,The volume (C:) was not optimized because an error was encountered: Neither Slab Consolidation nor Slab Analysis will run if slabs are less than 8 MB. (0x8900002D)
Error,29/03/2019 10:16:15 PM,Microsoft-Windows-Defrag,257,None,The volume New Volume (D:) was not optimized because an error was encountered: Neither Slab Consolidation nor Slab Analysis will run if slabs are less than 8 MB. (0x8900002D)
Error,29/03/2019 10:16:14 PM,Microsoft-Windows-Defrag,257,None,The volume System Reserved was not optimized because an error was encountered: Neither Slab Consolidation nor Slab Analysis will run if slabs are less than 8 MB. (0x8900002D)
Error,29/03/2019 8:38:34 PM,Microsoft-Windows-Perflib,1008,None,"The Open Procedure for service ""BITS"" in DLL ""C:\Windows\System32\bitsperf.dll"" failed. Performance data for this service will not be available. The first four bytes (DWORD) of the Data section contains the error code."
Error,29/03/2019 10:58:32 AM,Microsoft-Windows-Security-SPP,8208,None,Acquisition of genuine ticket failed (hr=0x80072EE2) for template Id {99d92734-d682-4d71-983e-d6ec3f16059f}
Error,29/03/2019 10:58:32 AM,Microsoft-Windows-Security-SPP,8200,None,"License acquisition failure details. 
hr=0x80072EE2"
Error,28/03/2019 9:14:08 PM,UiPath,0,None,"Job RPA SAP PRODUCTION completed with status Error, 3b087561-aa52-4b0c-89dd-97ada9681d20"
Error,28/03/2019 8:51:27 PM,Application Error,1000,(100),"Faulting application name: EXCEL.EXE, version: 15.0.4569.1504, time stamp: 0x52c5fc07
Faulting module name: VBE7.DLL_unloaded, version: 7.1.10.42, time stamp: 0x523fd3b0
Exception code: 0xc0000005
Fault offset: 0x0000000000041ce0
Faulting process id: 0x2a1c
Faulting application start time: 0x01d4e579e6b42d14
Faulting application path: C:\Program Files\Microsoft Office\Office15\EXCEL.EXE
Faulting module path: VBE7.DLL
Report Id: ef71930b-42e3-4f2c-bfaf-53e01da0d4db
Faulting package full name: 
Faulting package-relative application ID: "
Error,28/03/2019 8:51:24 PM,UiPath,0,None,"Job RPA SAP PRODUCTION completed with status Error, 49ec8571-0cf7-43cb-a440-43e68257eed9"
Error,28/03/2019 8:42:10 PM,Application Error,1000,(100),"Faulting application name: EXCEL.EXE, version: 15.0.4569.1504, time stamp: 0x52c5fc07
Faulting module name: VBE7.DLL_unloaded, version: 7.1.10.42, time stamp: 0x523fd3b0
Exception code: 0xc0000005
Fault offset: 0x0000000000041ce0
Faulting process id: 0x24e8
Faulting application start time: 0x01d4e5789af1cef8
Faulting application path: C:\Program Files\Microsoft Office\Office15\EXCEL.EXE
Faulting module path: VBE7.DLL
Report Id: 09e0cbd4-810f-4b12-a803-dfd4f720f2be
Faulting package full name: 
Faulting package-relative application ID: "
Error,28/03/2019 8:42:08 PM,UiPath,0,None,"Job RPA SAP PRODUCTION completed with status Error, e84d6538-0606-405e-86b3-d6652aed173d"
Error,28/03/2019 8:38:35 PM,Application Error,1000,(100),"Faulting application name: EXCEL.EXE, version: 15.0.4569.1504, time stamp: 0x52c5fc07
Faulting module name: VBE7.DLL_unloaded, version: 7.1.10.42, time stamp: 0x523fd3b0
Exception code: 0xc0000005
Fault offset: 0x0000000000041ce0
Faulting process id: 0x1b70
Faulting application start time: 0x01d4e5781a99a36b
Faulting application path: C:\Program Files\Microsoft Office\Office15\EXCEL.EXE
Faulting module path: VBE7.DLL
Report Id: e1fc8959-75f8-44c0-98c2-f0370179775c
Faulting package full name: 
Faulting package-relative application ID: "
Error,28/03/2019 8:38:33 PM,UiPath,0,None,"Job RPA SAP PRODUCTION completed with status Error, 0309ba3a-0b1d-4c5d-bb69-49c5cb79ed3f"
Error,28/03/2019 8:34:02 PM,UiPath,0,None,"Job RPA SAP PRODUCTION completed with status Cancelled, 6f5749a7-854b-43f9-889c-460fe960a8e9"
Error,28/03/2019 8:28:28 PM,Microsoft-Windows-Perflib,1008,None,"The Open Procedure for service ""BITS"" in DLL ""C:\Windows\System32\bitsperf.dll"" failed. Performance data for this service will not be available. The first four bytes (DWORD) of the Data section contains the error code."
Error,28/03/2019 8:25:20 PM,Application Error,1000,(100),"Faulting application name: EXCEL.EXE, version: 15.0.4569.1504, time stamp: 0x52c5fc07
Faulting module name: VBE7.DLL_unloaded, version: 7.1.10.42, time stamp: 0x523fd3b0
Exception code: 0xc0000005
Fault offset: 0x0000000000041ce0
Faulting process id: 0x1628
Faulting application start time: 0x01d4e57640f457a7
Faulting application path: C:\Program Files\Microsoft Office\Office15\EXCEL.EXE
Faulting module path: VBE7.DLL
Report Id: 17cccda8-2ca7-48ef-acf3-9d76939ca934
Faulting package full name: 
Faulting package-relative application ID: "
Error,28/03/2019 8:17:02 PM,UiPath,0,None,"Job RPA SAP PRODUCTION completed with status Cancelled, 4b30ac47-ade5-429d-b95a-8f32881a9e74"
Error,28/03/2019 7:54:40 PM,UiPath,0,None,"Job RPA SAP PRODUCTION completed with status Error, d3436a11-8773-4bba-9883-3cee53b7e594"
Error,28/03/2019 7:13:33 PM,UiPath,0,None,"Job RPA SAP PRODUCTION completed with status Error, 50c272a3-e185-4176-9c15-a86911af9c47"
Error,28/03/2019 4:53:44 PM,UiPath,0,None,"Job RPA SAP PRODUCTION completed with status Error, 22ec0a21-060b-4556-8cf5-95ed19db0fd6"
Error,28/03/2019 4:53:11 PM,UiPath,0,None,"Job RPA SAP PRODUCTION completed with status Error, 0197654a-ef76-45f5-be21-132040a27396"
Error,28/03/2019 12:46:58 PM,UiPath,0,None,"Job RPA SAP PRODUCTION completed with status Error, b045993b-eac4-4592-8a5d-222017f138f5"
Error,28/03/2019 12:46:13 PM,UiPath,0,None,"Job RPA SAP PRODUCTION completed with status Error, a197f59e-d808-4cf8-b4ed-64070e1d3a0c"
Error,28/03/2019 12:45:09 PM,UiPath,0,None,"Job RPA SAP PRODUCTION completed with status Error, ee461463-7550-466e-bf96-a83ba57591b9"
Error,28/03/2019 12:44:57 PM,UiPath,0,None,"Job RPA SAP PRODUCTION completed with status Error, 8fe4b9dc-6992-4dc3-84b0-b2b55f0104c7"
Error,27/03/2019 8:16:56 PM,Microsoft-Windows-Perflib,1008,None,"The Open Procedure for service ""BITS"" in DLL ""C:\Windows\System32\bitsperf.dll"" failed. Performance data for this service will not be available. The first four bytes (DWORD) of the Data section contains the error code."
Error,26/03/2019 8:04:27 PM,Microsoft-Windows-Perflib,1008,None,"The Open Procedure for service ""BITS"" in DLL ""C:\Windows\System32\bitsperf.dll"" failed. Performance data for this service will not be available. The first four bytes (DWORD) of the Data section contains the error code."
Error,25/03/2019 7:52:29 PM,Microsoft-Windows-Perflib,1008,None,"The Open Procedure for service ""BITS"" in DLL ""C:\Windows\System32\bitsperf.dll"" failed. Performance data for this service will not be available. The first four bytes (DWORD) of the Data section contains the error code."
Error,24/03/2019 7:41:18 PM,Microsoft-Windows-Perflib,1008,None,"The Open Procedure for service ""BITS"" in DLL ""C:\Windows\System32\bitsperf.dll"" failed. Performance data for this service will not be available. The first four bytes (DWORD) of the Data section contains the error code."
Error,23/03/2019 7:29:22 PM,Microsoft-Windows-Perflib,1008,None,"The Open Procedure for service ""BITS"" in DLL ""C:\Windows\System32\bitsperf.dll"" failed. Performance data for this service will not be available. The first four bytes (DWORD) of the Data section contains the error code."
Error,22/03/2019 7:17:15 PM,Microsoft-Windows-Perflib,1008,None,"The Open Procedure for service ""BITS"" in DLL ""C:\Windows\System32\bitsperf.dll"" failed. Performance data for this service will not be available. The first four bytes (DWORD) of the Data section contains the error code."
Error,22/03/2019 10:58:18 AM,Microsoft-Windows-Security-SPP,8208,None,Acquisition of genuine ticket failed (hr=0x80072EE2) for template Id {99d92734-d682-4d71-983e-d6ec3f16059f}
Error,22/03/2019 10:58:18 AM,Microsoft-Windows-Security-SPP,8200,None,"License acquisition failure details. 
hr=0x80072EE2"
Error,21/03/2019 7:05:19 PM,Microsoft-Windows-Perflib,1008,None,"The Open Procedure for service ""BITS"" in DLL ""C:\Windows\System32\bitsperf.dll"" failed. Performance data for this service will not be available. The first four bytes (DWORD) of the Data section contains the error code."
Error,20/03/2019 6:52:52 PM,Microsoft-Windows-Perflib,1008,None,"The Open Procedure for service ""BITS"" in DLL ""C:\Windows\System32\bitsperf.dll"" failed. Performance data for this service will not be available. The first four bytes (DWORD) of the Data section contains the error code."
Error,19/03/2019 6:40:36 PM,Microsoft-Windows-Perflib,1008,None,"The Open Procedure for service ""BITS"" in DLL ""C:\Windows\System32\bitsperf.dll"" failed. Performance data for this service will not be available. The first four bytes (DWORD) of the Data section contains the error code."
Error,18/03/2019 6:29:16 PM,Microsoft-Windows-Perflib,1008,None,"The Open Procedure for service ""BITS"" in DLL ""C:\Windows\System32\bitsperf.dll"" failed. Performance data for this service will not be available. The first four bytes (DWORD) of the Data section contains the error code."
Error,15/03/2019 10:57:29 AM,Microsoft-Windows-Security-SPP,8208,None,Acquisition of genuine ticket failed (hr=0x80072EE2) for template Id {99d92734-d682-4d71-983e-d6ec3f16059f}
Error,15/03/2019 10:57:29 AM,Microsoft-Windows-Security-SPP,8200,None,"License acquisition failure details. 
hr=0x80072EE2"
Error,13/03/2019 2:54:05 PM,McAfee Endpoint Security,3,None,EventID=18059

ExP:NIPS Violation Blocked a Network Exploit attempt.
Error,11/03/2019 9:43:37 AM,Microsoft-Windows-Defrag,257,None,The volume (C:) was not optimized because an error was encountered: Neither Slab Consolidation nor Slab Analysis will run if slabs are less than 8 MB. (0x8900002D)
Error,11/03/2019 9:43:35 AM,Microsoft-Windows-Defrag,257,None,The volume New Volume (D:) was not optimized because an error was encountered: Neither Slab Consolidation nor Slab Analysis will run if slabs are less than 8 MB. (0x8900002D)
Error,11/03/2019 9:43:35 AM,Microsoft-Windows-Defrag,257,None,The volume System Reserved was not optimized because an error was encountered: Neither Slab Consolidation nor Slab Analysis will run if slabs are less than 8 MB. (0x8900002D)
Error,10/03/2019 7:29:42 PM,Microsoft-Windows-Perflib,1008,None,"The Open Procedure for service ""BITS"" in DLL ""C:\Windows\System32\bitsperf.dll"" failed. Performance data for this service will not be available. The first four bytes (DWORD) of the Data section contains the error code."
Error,09/03/2019 7:19:37 PM,Microsoft-Windows-Perflib,1008,None,"The Open Procedure for service ""BITS"" in DLL ""C:\Windows\System32\bitsperf.dll"" failed. Performance data for this service will not be available. The first four bytes (DWORD) of the Data section contains the error code."
Error,08/03/2019 7:09:16 PM,Microsoft-Windows-Perflib,1008,None,"The Open Procedure for service ""BITS"" in DLL ""C:\Windows\System32\bitsperf.dll"" failed. Performance data for this service will not be available. The first four bytes (DWORD) of the Data section contains the error code."
Error,08/03/2019 10:56:34 AM,Microsoft-Windows-Security-SPP,8208,None,Acquisition of genuine ticket failed (hr=0x80072EE2) for template Id {99d92734-d682-4d71-983e-d6ec3f16059f}
Error,08/03/2019 10:56:34 AM,Microsoft-Windows-Security-SPP,8200,None,"License acquisition failure details. 
hr=0x80072EE2"
Error,07/03/2019 6:58:50 PM,Microsoft-Windows-Perflib,1008,None,"The Open Procedure for service ""BITS"" in DLL ""C:\Windows\System32\bitsperf.dll"" failed. Performance data for this service will not be available. The first four bytes (DWORD) of the Data section contains the error code."
Error,06/03/2019 6:49:05 PM,Microsoft-Windows-Perflib,1008,None,"The Open Procedure for service ""BITS"" in DLL ""C:\Windows\System32\bitsperf.dll"" failed. Performance data for this service will not be available. The first four bytes (DWORD) of the Data section contains the error code."
Error,05/03/2019 6:39:05 PM,Microsoft-Windows-Perflib,1008,None,"The Open Procedure for service ""BITS"" in DLL ""C:\Windows\System32\bitsperf.dll"" failed. Performance data for this service will not be available. The first four bytes (DWORD) of the Data section contains the error code."
Error,04/03/2019 6:29:12 PM,Microsoft-Windows-Perflib,1008,None,"The Open Procedure for service ""BITS"" in DLL ""C:\Windows\System32\bitsperf.dll"" failed. Performance data for this service will not be available. The first four bytes (DWORD) of the Data section contains the error code."
Error,03/03/2019 6:19:25 PM,Microsoft-Windows-Perflib,1008,None,"The Open Procedure for service ""BITS"" in DLL ""C:\Windows\System32\bitsperf.dll"" failed. Performance data for this service will not be available. The first four bytes (DWORD) of the Data section contains the error code."
Error,02/03/2019 6:09:34 PM,Microsoft-Windows-Perflib,1008,None,"The Open Procedure for service ""BITS"" in DLL ""C:\Windows\System32\bitsperf.dll"" failed. Performance data for this service will not be available. The first four bytes (DWORD) of the Data section contains the error code."
Error,01/03/2019 5:59:45 PM,Microsoft-Windows-Perflib,1008,None,"The Open Procedure for service ""BITS"" in DLL ""C:\Windows\System32\bitsperf.dll"" failed. Performance data for this service will not be available. The first four bytes (DWORD) of the Data section contains the error code."
Error,01/03/2019 12:15:57 PM,UiPath,0,None,"Job RPA SAP PRODUCTION completed with status Error, d778a428-4df3-4ba3-89f6-5cfe21867179"
Error,01/03/2019 12:04:03 PM,UiPath,0,None,"Job RPA SAP PRODUCTION completed with status Error, 65090fd5-86bf-4385-b883-88cd2ba5f8d4"
Error,01/03/2019 11:08:54 AM,Microsoft-Windows-Immersive-Shell,2484,(2400),Package Microsoft.Windows.ShellExperienceHost_10.0.14393.2068_neutral_neutral_cw5n1h2txyewy+App was terminated because it took too long to suspend.
Error,01/03/2019 10:55:54 AM,Microsoft-Windows-Security-SPP,8208,None,Acquisition of genuine ticket failed (hr=0x80072EE2) for template Id {99d92734-d682-4d71-983e-d6ec3f16059f}
Error,01/03/2019 10:55:54 AM,Microsoft-Windows-Security-SPP,8200,None,"License acquisition failure details. 
hr=0x80072EE2"
Error,28/02/2019 5:34:05 PM,Microsoft-Windows-Perflib,1008,None,"The Open Procedure for service ""BITS"" in DLL ""C:\Windows\System32\bitsperf.dll"" failed. Performance data for this service will not be available. The first four bytes (DWORD) of the Data section contains the error code."
Error,28/02/2019 3:17:39 PM,Application Error,1000,(100),"Faulting application name: EXCEL.EXE, version: 15.0.4569.1504, time stamp: 0x52c5fc07
Faulting module name: combase.dll, version: 10.0.14393.2724, time stamp: 0x5c2af274
Exception code: 0xc0000005
Fault offset: 0x00000000000b0860
Faulting process id: 0x21ec
Faulting application start time: 0x01d4cf4aa22013c0
Faulting application path: C:\Program Files\Microsoft Office\Office15\EXCEL.EXE
Faulting module path: C:\Windows\System32\combase.dll
Report Id: 33dcba60-f165-489e-8dc9-69f5cde1ab65
Faulting package full name: 
Faulting package-relative application ID: "
Error,28/02/2019 3:14:45 PM,UiPath,0,None,"Job RPA SAP PRODUCTION completed with status Error, b69e3acf-3c65-4a04-8078-5aa84625b455"
Error,28/02/2019 3:10:25 PM,UiPath,0,None,"Job RPA SAP PRODUCTION completed with status Error, ff9f6428-cd2c-4892-908f-ecddc007609a"
Error,28/02/2019 3:03:20 PM,UiPath,0,None,"Job RPA SAP PRODUCTION was stopped (forced)!, ab8889e8-6bcf-4671-91b0-fd9bd76d6773"
Error,28/02/2019 11:21:41 AM,UiPath,0,None,"Job RPA SAP PRODUCTION completed with status Error, d8a96927-3b23-479d-91c9-a63085e89c46"
Error,28/02/2019 11:17:06 AM,UiPath,0,None,"Job RPA SAP PRODUCTION was stopped (forced)!, 38aded23-e7a7-4e73-a30f-9d853d5b6750"
Error,27/02/2019 5:08:24 PM,Microsoft-Windows-Perflib,1008,None,"The Open Procedure for service ""BITS"" in DLL ""C:\Windows\System32\bitsperf.dll"" failed. Performance data for this service will not be available. The first four bytes (DWORD) of the Data section contains the error code."
Error,27/02/2019 4:37:54 PM,UiPath,0,None,"Job RPA SAP PRODUCTION was stopped (forced)!, 17395ea6-bf14-4e34-8853-09bec8f64bee"
Error,27/02/2019 4:36:18 PM,UiPath,0,None,"Job RPA SAP PRODUCTION was stopped (forced)!, 05b3d34d-80fd-4222-bb82-f61c949a8312"
Error,27/02/2019 4:35:39 PM,UiPath,0,None,"Job RPA SAP PRODUCTION was stopped (forced)!, 84589e7a-d2e9-4c46-b6f9-04f0ccb33f96"
Error,27/02/2019 4:34:13 PM,UiPath,0,None,"Job RPA SAP PRODUCTION completed with status Error, 48b608bc-3819-4eee-939e-22689574c076"
Error,27/02/2019 4:32:21 PM,UiPath,0,None,"Job RPA SAP PRODUCTION was stopped (forced)!, a6639117-3ebf-40b8-bdd1-c66f5ee9aefd"
Error,27/02/2019 4:31:12 PM,UiPath,0,None,"Job RPA SAP PRODUCTION completed with status Error, 004e814c-4bed-4dd6-b815-4be5d07fa6ca"
Error,27/02/2019 4:29:22 PM,UiPath,0,None,"Job RPA SAP PRODUCTION completed with status Error, b91896b5-fc50-4a13-b628-182accc186ab"
Error,27/02/2019 4:09:08 PM,UiPath,0,None,"Job RPA SAP PRODUCTION completed with status Cancelled, fee349ed-b756-4b4b-a200-4310f0685813"
Error,27/02/2019 4:06:41 PM,UiPath,0,None,"Job RPA SAP PRODUCTION was stopped (forced)!, 53ec0fe0-aff9-463d-86f3-0049ce97e016"
Error,27/02/2019 3:59:30 PM,UiPath,0,None,"Job RPA SAP PRODUCTION completed with status Error, edbfe81e-b2c9-4877-a796-472ace24265f"
Error,27/02/2019 3:56:33 PM,UiPath,0,None,"Job RPA SAP PRODUCTION completed with status Error, e7908928-4171-4502-8a28-4b71c46ba243"
Error,27/02/2019 3:56:07 PM,UiPath,0,None,"Job RPA SAP PRODUCTION completed with status Error, afd8a793-4775-4eef-b79b-d4432af502b6"
Error,27/02/2019 3:55:26 PM,UiPath,0,None,"Job RPA SAP PRODUCTION completed with status Error, cfbd9ebb-5233-499c-bc5f-5c05dbc7f512"
Error,27/02/2019 3:54:30 PM,UiPath,0,None,"Job RPA SAP PRODUCTION completed with status Error, 268070b3-80d8-4d8c-b04e-58ae72bca25c"
Error,27/02/2019 3:51:58 PM,UiPath,0,None,"Job RPA SAP PRODUCTION completed with status Error, 04d942f2-bd56-4d21-8633-a777a08ab60a"
Error,27/02/2019 3:44:04 PM,UiPath,0,None,"Job RPA SAP PRODUCTION completed with status Error, b7e5da63-d956-46e1-a853-33de137da536"
Error,27/02/2019 3:32:05 PM,UiPath,0,None,"Job RPA SAP PRODUCTION completed with status Cancelled, 7734c7a8-68a0-4d6e-8bb0-ab89d48071c0"
Error,27/02/2019 3:09:56 PM,UiPath,0,None,"Job RPA SAP PRODUCTION completed with status Error, 55a41b70-b992-4adf-a812-0dd27af1776f"
Error,26/02/2019 6:16:50 PM,UiPath,0,None,"Job RPA SAP PRODUCTION completed with status Error, bac6dfdc-ed01-4dff-9eb1-8e24785a9d7e"
Error,26/02/2019 5:28:28 PM,UiPath,0,None,"Job RPA SAP PRODUCTION completed with status Error, cbedeafa-d315-44e0-84cd-ff1020dfabe1"
Error,26/02/2019 4:59:19 PM,Microsoft-Windows-Perflib,1008,None,"The Open Procedure for service ""BITS"" in DLL ""C:\Windows\System32\bitsperf.dll"" failed. Performance data for this service will not be available. The first four bytes (DWORD) of the Data section contains the error code."
Error,26/02/2019 4:38:08 PM,Application Error,1000,(100),"Faulting application name: EXCEL.EXE, version: 15.0.4569.1504, time stamp: 0x52c5fc07
Faulting module name: combase.dll, version: 10.0.14393.2724, time stamp: 0x5c2af274
Exception code: 0xc0000005
Fault offset: 0x00000000000b0860
Faulting process id: 0x1e08
Faulting application start time: 0x01d4cdc38bbccfbd
Faulting application path: C:\Program Files\Microsoft Office\Office15\EXCEL.EXE
Faulting module path: C:\Windows\System32\combase.dll
Report Id: 42a3e3a2-80c6-4470-87e5-4ab85a27a091
Faulting package full name: 
Faulting package-relative application ID: "
Error,26/02/2019 4:30:45 PM,UiPath,0,None,"Job RPA SAP PRODUCTION was stopped (forced)!, b8d8c661-0017-4acf-945b-c82116954489"
Error,26/02/2019 4:13:17 PM,UiPath,0,None,"Job RPA SAP PRODUCTION completed with status Error, 0d2888a0-d7d2-4a64-afa7-424c43f91792"
Error,26/02/2019 4:11:51 PM,UiPath,0,None,"Job RPA SAP PRODUCTION completed with status Error, 55d16b4e-8bfd-4dbd-af43-94da585ec31e"
Error,26/02/2019 3:59:58 PM,UiPath,0,None,"Job RPA SAP PRODUCTION completed with status Cancelled, 81cf919f-82cd-49b3-866e-a7edf706514b"
Error,26/02/2019 3:53:29 PM,UiPath,0,None,"Job RPA SAP PRODUCTION completed with status Error, 76cf0712-d9cf-4b73-ab72-d049a48a4b40"
Error,26/02/2019 3:53:11 PM,UiPath,0,None,"Job RPA SAP PRODUCTION completed with status Error, e0a04121-174e-4e83-be7a-16c48de08574"
Error,26/02/2019 1:29:13 PM,UiPath,0,None,"Job RPA SAP PRODUCTION completed with status Cancelled, 5eaf7f2e-0e28-4157-b70d-b3fc50e30d34"
Error,26/02/2019 1:16:49 PM,Application Error,1000,(100),"Faulting application name: EXCEL.EXE, version: 15.0.4569.1504, time stamp: 0x52c5fc07
Faulting module name: combase.dll, version: 10.0.14393.2724, time stamp: 0x5c2af274
Exception code: 0xc0000005
Fault offset: 0x00000000000b0860
Faulting process id: 0xafc
Faulting application start time: 0x01d4cda76bd095f8
Faulting application path: C:\Program Files\Microsoft Office\Office15\EXCEL.EXE
Faulting module path: C:\Windows\System32\combase.dll
Report Id: f67425f4-3e24-4daa-87b8-5c7fff1cdc7b
Faulting package full name: 
Faulting package-relative application ID: "
Error,26/02/2019 1:14:22 PM,UiPath,0,None,"Job RPA SAP PRODUCTION completed with status Error, 57a323f1-6147-4ebe-b8a0-5202cba898d8"
Error,26/02/2019 1:09:20 PM,UiPath,0,None,"Job RPA SAP PRODUCTION completed with status Error, e602000d-c347-4660-b43f-ea1de90a9dd6"
Error,26/02/2019 12:56:39 PM,UiPath,0,None,"Job RPA SAP PRODUCTION completed with status Error, 8daaefb6-b35c-4cc3-8197-9f59225ca6fe"
Error,26/02/2019 12:52:34 PM,UiPath,0,None,"Job RPA SAP PRODUCTION completed with status Error, e1e169ba-766c-44fa-9d07-033dfba817ab"
Error,26/02/2019 12:40:09 PM,Application Hang,1002,(101),"The program UiPath.Studio.exe version 18.4.3.0 stopped interacting with Windows and was closed. To see if more information about the problem is available, check the problem history in the Security and Maintenance control panel.
 Process ID: 2054
 Start Time: 01d4ccee0162af63
 Termination Time: 4294967295
 Application Path: C:\Program Files (x86)\UiPath\Studio\UiPath.Studio.exe
 Report Id: 8a3caf97-3995-11e9-a2dc-005056adfdc2
 Faulting package full name: 
 Faulting package-relative application ID: 
"
Error,26/02/2019 11:45:19 AM,Microsoft-Windows-Perflib,1023,None,Windows cannot load the extensible counter DLL Outlook. The first four bytes (DWORD) of the Data section contains the Windows error code.
Error,26/02/2019 11:19:59 AM,UiPath,0,None,"Job RPA SAP PRODUCTION completed with status Error, 9cd5ca29-2071-401a-8de1-3ce3e463cd02"
Error,26/02/2019 11:15:20 AM,UiPath,0,None,"Job RPA SAP PRODUCTION completed with status Cancelled, dca61112-79ef-4230-9fd5-c2748845c880"
Error,26/02/2019 11:11:38 AM,UiPath,0,None,"Job RPA SAP PRODUCTION completed with status Error, b26d4559-de0f-4b9b-83a2-302dda55e8b2"
Error,26/02/2019 11:05:15 AM,UiPath,0,None,"Job RPA SAP PRODUCTION completed with status Error, a1b91a78-194d-4b65-8c49-c5ba76d050c3"
Error,25/02/2019 7:27:31 PM,UiPath,0,None,"Job RPA SAP PRODUCTION completed with status Error, 92d56aea-ee10-4cd8-8bbe-4431568763ab"
Error,25/02/2019 7:20:12 PM,UiPath,0,None,"Job RPA SAP PRODUCTION completed with status Error, 542e13d1-b2ec-46f2-91f1-ce0a0294e328"
Error,25/02/2019 7:03:55 PM,UiPath,0,None,"Job RPA SAP PRODUCTION completed with status Cancelled, 31f89f2c-d239-4b54-b581-d39b487fdec1"
Error,25/02/2019 7:01:05 PM,UiPath,0,None,"Job RPA SAP PRODUCTION completed with status Cancelled, 591ab8c5-e1ff-4cb0-b118-f3906cf19376"
Error,25/02/2019 7:00:39 PM,UiPath,0,None,"Job RPA SAP PRODUCTION completed with status Cancelled, c18379f7-1169-4917-b62a-96f1ffda7eb9"
Error,25/02/2019 6:49:34 PM,UiPath,0,None,"Job RPA SAP PRODUCTION was stopped (forced)!, fb0f909e-d178-47e0-860f-9567a553738a"
Error,25/02/2019 6:43:01 PM,UiPath,0,None,"Job RPA SAP PRODUCTION was stopped (forced)!, c5ce17e1-9a27-421c-8ca8-05d497bdb752"
Error,25/02/2019 5:33:38 PM,UiPath,0,None,"Job RPA SAP PRODUCTION completed with status Cancelled, d72fb11b-34e2-43c8-9885-c079d3232912"
Error,25/02/2019 5:29:20 PM,UiPath,0,None,"Job RPA SAP PRODUCTION completed with status Error, 6af21d34-92ab-4ca8-9400-5df9cd1e29b5"
Error,25/02/2019 5:25:36 PM,UiPath,0,None,"Job RPA SAP PRODUCTION completed with status Error, 59b71002-2e7b-447e-8b11-6ba75aea6814"
Error,25/02/2019 5:18:04 PM,UiPath,0,None,"Job RPA SAP PRODUCTION completed with status Error, 14a49b1d-3a48-4667-8759-e29686f58dae"
Error,25/02/2019 5:14:32 PM,UiPath,0,None,"Job RPA SAP PRODUCTION completed with status Error, f783289b-019f-4c21-879e-3436825bd589"
Error,25/02/2019 5:14:02 PM,UiPath,0,None,"Job RPA SAP PRODUCTION was stopped (forced)!, d4ddd538-cda9-4ef0-9065-b161d61b84fa"
Error,25/02/2019 5:10:15 PM,UiPath,0,None,"Job RPA SAP PRODUCTION was stopped (forced)!, 839d2fb8-0f23-448d-9af5-53836e6999d9"
Error,25/02/2019 5:06:11 PM,UiPath,0,None,"Job RPA SAP PRODUCTION completed with status Error, c7cbb4db-7b33-4e18-b5fd-e17aa33489c5"
Error,25/02/2019 4:50:04 PM,Microsoft-Windows-Perflib,1008,None,"The Open Procedure for service ""BITS"" in DLL ""C:\Windows\System32\bitsperf.dll"" failed. Performance data for this service will not be available. The first four bytes (DWORD) of the Data section contains the error code."
Error,25/02/2019 4:42:35 PM,UiPath,0,None,"Job RPA SAP PRODUCTION completed with status Cancelled, 51ad2e2c-1341-42dc-9bf3-8ad2d9e5b2e1"
Error,25/02/2019 4:38:53 PM,UiPath,0,None,"System.Activities.WorkflowApplicationAbortedException: The operation could not be performed because WorkflowApplication e5d08e35-8917-4ffe-901b-9dc139b3b81a is aborted.
   at System.Activities.WorkflowApplication.ThrowIfAborted()
   at System.Activities.WorkflowApplication.CancelAsyncResult.ValidateState()
   at System.Activities.WorkflowApplication.SimpleOperationAsyncResult.Run(TimeSpan timeout)
   at System.Activities.WorkflowApplication.BeginCancel(AsyncCallback callback, Object state)
   at UiPath.Executor.RobotRunner.Cancel() in D:\a\1\s\Robot\UiPath.Executor\RobotRunner.cs:line 352, HResult -2146233088"
Error,25/02/2019 4:38:53 PM,UiPath,0,None,"Job RPA SAP PRODUCTION completed with status Error, 6fd12681-5ddf-446e-96cd-ef5aa46ac635"
Error,25/02/2019 4:38:53 PM,UiPath,0,None,"System.InvalidOperationException: The activity 'Attach Browser 'Httpsming Page'' with ID 31 threw or propagated an exception while being canceled. ---> UiPath.Core.BrowserOperationException: Operation was canceled. ---> System.Runtime.InteropServices.COMException: Operation was canceled.
   at UiPath.UiBrowserClass.Find(String bstrSelector)
   at UiPath.Core.Browser.Find(Selector selector)
   --- End of inner exception stack trace ---
   at UiPath.Core.Activities.ScopeActivity.EndExecute(NativeActivityContext context, IAsyncResult result)
   at UiPath.Core.Activities.AsyncNativeActivity.BookmarkResumptionCallback(NativeActivityContext context, Bookmark bookmark, Object value)
   at System.Activities.Runtime.BookmarkCallbackWrapper.Invoke(NativeActivityContext context, Bookmark bookmark, Object value)
   at System.Activities.Runtime.BookmarkWorkItem.Execute(ActivityExecutor executor, BookmarkManager bookmarkManager)
   --- End of inner exception stack trace ---, HResult -2146233079"
Error,25/02/2019 4:37:11 PM,UiPath,0,None,"System.Activities.WorkflowApplicationAbortedException: The operation could not be performed because WorkflowApplication 71370048-73e2-406a-9779-230bdfdcbce5 is aborted.
   at System.Activities.WorkflowApplication.ThrowIfAborted()
   at System.Activities.WorkflowApplication.CancelAsyncResult.ValidateState()
   at System.Activities.WorkflowApplication.SimpleOperationAsyncResult.Run(TimeSpan timeout)
   at System.Activities.WorkflowApplication.BeginCancel(AsyncCallback callback, Object state)
   at UiPath.Executor.RobotRunner.Cancel() in D:\a\1\s\Robot\UiPath.Executor\RobotRunner.cs:line 352, HResult -2146233088"
Error,25/02/2019 4:37:11 PM,UiPath,0,None,"Job RPA SAP PRODUCTION completed with status Error, f600c887-a2c7-49d1-bb07-74f601327cc5"
Error,25/02/2019 4:37:11 PM,UiPath,0,None,"System.InvalidOperationException: The activity 'Attach Browser 'SignIn Page'' with ID 6 threw or propagated an exception while being canceled. ---> UiPath.Core.BrowserOperationException: Operation was canceled. ---> System.Runtime.InteropServices.COMException: Operation was canceled.
   at UiPath.UiBrowserClass.Find(String bstrSelector)
   at UiPath.Core.Browser.Find(Selector selector)
   --- End of inner exception stack trace ---
   at UiPath.Core.Activities.ScopeActivity.EndExecute(NativeActivityContext context, IAsyncResult result)
   at UiPath.Core.Activities.AsyncNativeActivity.BookmarkResumptionCallback(NativeActivityContext context, Bookmark bookmark, Object value)
   at System.Activities.Runtime.BookmarkCallbackWrapper.Invoke(NativeActivityContext context, Bookmark bookmark, Object value)
   at System.Activities.Runtime.BookmarkWorkItem.Execute(ActivityExecutor executor, BookmarkManager bookmarkManager)
   --- End of inner exception stack trace ---, HResult -2146233079"
Error,25/02/2019 4:36:05 PM,UiPath,0,None,"System.Activities.WorkflowApplicationAbortedException: The operation could not be performed because WorkflowApplication 39734fd5-bac8-4b9c-893a-2f3b12661bf2 is aborted.
   at System.Activities.WorkflowApplication.ThrowIfAborted()
   at System.Activities.WorkflowApplication.CancelAsyncResult.ValidateState()
   at System.Activities.WorkflowApplication.SimpleOperationAsyncResult.Run(TimeSpan timeout)
   at System.Activities.WorkflowApplication.BeginCancel(AsyncCallback callback, Object state)
   at UiPath.Executor.RobotRunner.Cancel() in D:\a\1\s\Robot\UiPath.Executor\RobotRunner.cs:line 352, HResult -2146233088"
Error,25/02/2019 4:36:05 PM,UiPath,0,None,"Job RPA SAP PRODUCTION completed with status Error, 75e6be67-dc49-4044-bac6-ed052bb3a4f4"
Error,25/02/2019 4:36:05 PM,UiPath,0,None,"System.InvalidOperationException: The activity 'Attach Browser 'Httpsming Page'' with ID 31 threw or propagated an exception while being canceled. ---> UiPath.Core.BrowserOperationException: Operation was canceled. ---> System.Runtime.InteropServices.COMException: Operation was canceled.
   at UiPath.UiBrowserClass.Find(String bstrSelector)
   at UiPath.Core.Browser.Find(Selector selector)
   --- End of inner exception stack trace ---
   at UiPath.Core.Activities.ScopeActivity.EndExecute(NativeActivityContext context, IAsyncResult result)
   at UiPath.Core.Activities.AsyncNativeActivity.BookmarkResumptionCallback(NativeActivityContext context, Bookmark bookmark, Object value)
   at System.Activities.Runtime.BookmarkCallbackWrapper.Invoke(NativeActivityContext context, Bookmark bookmark, Object value)
   at System.Activities.Runtime.BookmarkWorkItem.Execute(ActivityExecutor executor, BookmarkManager bookmarkManager)
   --- End of inner exception stack trace ---, HResult -2146233079"
Error,25/02/2019 4:33:14 PM,UiPath,0,None,"System.Activities.WorkflowApplicationAbortedException: The operation could not be performed because WorkflowApplication 145eb072-4df6-423b-bcce-fd71e629ebc9 is aborted.
   at System.Activities.WorkflowApplication.ThrowIfAborted()
   at System.Activities.WorkflowApplication.CancelAsyncResult.ValidateState()
   at System.Activities.WorkflowApplication.SimpleOperationAsyncResult.Run(TimeSpan timeout)
   at System.Activities.WorkflowApplication.BeginCancel(AsyncCallback callback, Object state)
   at UiPath.Executor.RobotRunner.Cancel() in D:\a\1\s\Robot\UiPath.Executor\RobotRunner.cs:line 352, HResult -2146233088"
Error,25/02/2019 4:33:14 PM,UiPath,0,None,"Job RPA SAP PRODUCTION completed with status Error, 44fe0a18-741f-4fc9-85c4-7068f165fe43"
Error,25/02/2019 4:33:14 PM,UiPath,0,None,"System.InvalidOperationException: The activity 'Attach Browser 'Httpsming Page'' with ID 5 threw or propagated an exception while being canceled. ---> UiPath.Core.BrowserOperationException: Operation was canceled. ---> System.Runtime.InteropServices.COMException: Operation was canceled.
   at UiPath.UiBrowserClass.Find(String bstrSelector)
   at UiPath.Core.Browser.Find(Selector selector)
   --- End of inner exception stack trace ---
   at UiPath.Core.Activities.ScopeActivity.EndExecute(NativeActivityContext context, IAsyncResult result)
   at UiPath.Core.Activities.AsyncNativeActivity.BookmarkResumptionCallback(NativeActivityContext context, Bookmark bookmark, Object value)
   at System.Activities.Runtime.BookmarkCallbackWrapper.Invoke(NativeActivityContext context, Bookmark bookmark, Object value)
   at System.Activities.Runtime.BookmarkWorkItem.Execute(ActivityExecutor executor, BookmarkManager bookmarkManager)
   --- End of inner exception stack trace ---, HResult -2146233079"
Error,25/02/2019 4:32:47 PM,UiPath,0,None,"Job RPA SAP PRODUCTION completed with status Cancelled, df832b17-dca3-4401-9360-935f1a945410"
Error,25/02/2019 4:31:24 PM,UiPath,0,None,"System.Activities.WorkflowApplicationAbortedException: The operation could not be performed because WorkflowApplication c7f8e367-877f-4e5c-8176-504360bd47e3 is aborted.
   at System.Activities.WorkflowApplication.ThrowIfAborted()
   at System.Activities.WorkflowApplication.CancelAsyncResult.ValidateState()
   at System.Activities.WorkflowApplication.SimpleOperationAsyncResult.Run(TimeSpan timeout)
   at System.Activities.WorkflowApplication.BeginCancel(AsyncCallback callback, Object state)
   at UiPath.Executor.RobotRunner.Cancel() in D:\a\1\s\Robot\UiPath.Executor\RobotRunner.cs:line 352, HResult -2146233088"
Error,25/02/2019 4:31:24 PM,UiPath,0,None,"Job RPA SAP PRODUCTION completed with status Error, bcd587d0-b966-45a3-8f01-d668ead53627"
Error,25/02/2019 4:31:24 PM,UiPath,0,None,"System.InvalidOperationException: The activity 'Attach Browser 'Httpsming Page'' with ID 5 threw or propagated an exception while being canceled. ---> UiPath.Core.BrowserOperationException: Operation was canceled. ---> System.Runtime.InteropServices.COMException: Operation was canceled.
   at UiPath.UiBrowserClass.Find(String bstrSelector)
   at UiPath.Core.Browser.Find(Selector selector)
   --- End of inner exception stack trace ---
   at UiPath.Core.Activities.ScopeActivity.EndExecute(NativeActivityContext context, IAsyncResult result)
   at UiPath.Core.Activities.AsyncNativeActivity.BookmarkResumptionCallback(NativeActivityContext context, Bookmark bookmark, Object value)
   at System.Activities.Runtime.BookmarkCallbackWrapper.Invoke(NativeActivityContext context, Bookmark bookmark, Object value)
   at System.Activities.Runtime.BookmarkWorkItem.Execute(ActivityExecutor executor, BookmarkManager bookmarkManager)
   --- End of inner exception stack trace ---, HResult -2146233079"
Error,25/02/2019 4:29:40 PM,UiPath,0,None,"Job RPA SAP PRODUCTION completed with status Error, 2714db12-46b0-4d78-b03a-a9898f770439"
Error,25/02/2019 4:26:50 PM,UiPath,0,None,"System.Activities.WorkflowApplicationAbortedException: The operation could not be performed because WorkflowApplication 03193351-0295-48ff-98a7-fa1a2324d496 is aborted.
   at System.Activities.WorkflowApplication.ThrowIfAborted()
   at System.Activities.WorkflowApplication.CancelAsyncResult.ValidateState()
   at System.Activities.WorkflowApplication.SimpleOperationAsyncResult.Run(TimeSpan timeout)
   at System.Activities.WorkflowApplication.BeginCancel(AsyncCallback callback, Object state)
   at UiPath.Executor.RobotRunner.Cancel() in D:\a\1\s\Robot\UiPath.Executor\RobotRunner.cs:line 352, HResult -2146233088"
Error,25/02/2019 4:26:50 PM,UiPath,0,None,"Job RPA SAP PRODUCTION completed with status Error, 55107a72-b534-404d-8026-5ef37a65f84e"
Error,25/02/2019 4:26:50 PM,UiPath,0,None,"System.InvalidOperationException: The activity 'Attach Browser 'Httpsming Page'' with ID 5 threw or propagated an exception while being canceled. ---> UiPath.Core.BrowserOperationException: Operation was canceled. ---> System.Runtime.InteropServices.COMException: Operation was canceled.
   at UiPath.UiBrowserClass.Find(String bstrSelector)
   at UiPath.Core.Browser.Find(Selector selector)
   --- End of inner exception stack trace ---
   at UiPath.Core.Activities.ScopeActivity.EndExecute(NativeActivityContext context, IAsyncResult result)
   at UiPath.Core.Activities.AsyncNativeActivity.BookmarkResumptionCallback(NativeActivityContext context, Bookmark bookmark, Object value)
   at System.Activities.Runtime.BookmarkCallbackWrapper.Invoke(NativeActivityContext context, Bookmark bookmark, Object value)
   at System.Activities.Runtime.BookmarkWorkItem.Execute(ActivityExecutor executor, BookmarkManager bookmarkManager)
   --- End of inner exception stack trace ---, HResult -2146233079"
Error,25/02/2019 4:26:02 PM,UiPath,0,None,"System.Activities.WorkflowApplicationAbortedException: The operation could not be performed because WorkflowApplication 483977ef-1d16-4711-b6d6-e8492f57fa17 is aborted.
   at System.Activities.WorkflowApplication.ThrowIfAborted()
   at System.Activities.WorkflowApplication.CancelAsyncResult.ValidateState()
   at System.Activities.WorkflowApplication.SimpleOperationAsyncResult.Run(TimeSpan timeout)
   at System.Activities.WorkflowApplication.BeginCancel(AsyncCallback callback, Object state)
   at UiPath.Executor.RobotRunner.Cancel() in D:\a\1\s\Robot\UiPath.Executor\RobotRunner.cs:line 352, HResult -2146233088"
Error,25/02/2019 4:26:02 PM,UiPath,0,None,"Job RPA SAP PRODUCTION completed with status Error, 2497f979-be4f-4234-b8e7-a66026326106"
Error,25/02/2019 4:26:02 PM,UiPath,0,None,"System.InvalidOperationException: The activity 'Attach Browser 'Httpsming Page'' with ID 5 threw or propagated an exception while being canceled. ---> UiPath.Core.BrowserOperationException: Operation was canceled. ---> System.Runtime.InteropServices.COMException: Operation was canceled.
   at UiPath.UiBrowserClass.Find(String bstrSelector)
   at UiPath.Core.Browser.Find(Selector selector)
   --- End of inner exception stack trace ---
   at UiPath.Core.Activities.ScopeActivity.EndExecute(NativeActivityContext context, IAsyncResult result)
   at UiPath.Core.Activities.AsyncNativeActivity.BookmarkResumptionCallback(NativeActivityContext context, Bookmark bookmark, Object value)
   at System.Activities.Runtime.BookmarkCallbackWrapper.Invoke(NativeActivityContext context, Bookmark bookmark, Object value)
   at System.Activities.Runtime.BookmarkWorkItem.Execute(ActivityExecutor executor, BookmarkManager bookmarkManager)
   --- End of inner exception stack trace ---, HResult -2146233079"
Error,25/02/2019 4:22:44 PM,UiPath,0,None,"Job RPA SAP PRODUCTION completed with status Error, d6a8b3da-bd39-4705-a602-afce71a214f5"
Error,25/02/2019 4:02:30 PM,UiPath,0,None,"Job RPA SAP PRODUCTION completed with status Error, 7e187621-3f25-4e14-9f26-f95fbe591866"
Error,25/02/2019 4:01:06 PM,UiPath,0,None,"Job RPA SAP PRODUCTION completed with status Error, dc7269e0-f494-496f-a05d-af0c99d4d025"
Error,25/02/2019 3:29:52 PM,UiPath,0,None,"Job RPA SAP PRODUCTION completed with status Error, 4244ed0f-1ed5-4672-81a2-49441923426a"
Error,25/02/2019 3:22:58 PM,UiPath,0,None,"Job RPA SAP PRODUCTION completed with status Cancelled, 9541aabf-141a-4bfb-8bcc-149cf83d02f5"
Error,25/02/2019 3:18:34 PM,UiPath,0,None,"Job RPA SAP PRODUCTION completed with status Cancelled, fe2cef4c-44f6-4035-aecc-bdde9ff0e950"
Error,25/02/2019 3:17:39 PM,UiPath,0,None,"Job RPA SAP PRODUCTION was stopped (forced)!, 80a08e95-dfab-4c08-ad6f-9a721a4f155b"
Error,25/02/2019 3:10:58 PM,UiPath,0,None,"Job RPA SAP PRODUCTION completed with status Cancelled, 72c2edf2-a7f1-459c-a567-15557a423138"
Error,25/02/2019 3:07:21 PM,UiPath,0,None,"Job Sequence Freez WithDB completed with status Cancelled, 35b4e8e1-a80a-4c16-9ef1-71c44bf5ccc6"
Error,25/02/2019 3:05:46 PM,UiPath,0,None,"Job Sequence Freez WithDB completed with status Cancelled, 4e3ed03b-54c2-4c98-a7fc-b7df29da8db8"
Error,25/02/2019 3:05:24 PM,UiPath,0,None,"Job Sequence Freez WithDB completed with status Cancelled, 8af9fa1e-72f4-4ecb-905f-1f0c472ae885"
Error,25/02/2019 3:04:44 PM,UiPath,0,None,"Job Sequence Freez WithDB completed with status Cancelled, 7a4ebffc-07ff-4f50-ba15-ec1789a49d5c"
