﻿Level,Date and Time,Source,Event ID,Task Category
Error,28/06/2019 9:12:48 AM,Microsoft-Windows-DistributedCOM,10005,None,"DCOM got error ""1068"" attempting to start the service netprofm with arguments ""Unavailable"" in order to run the server:
{A47979D2-C419-11D9-A5B4-001185AD2B89}"
Error,28/06/2019 9:12:48 AM,Service Control Manager,7001,None,"The Network List Service service depends on the Network Location Awareness service which failed to start because of the following error: 
The dependency service or group failed to start."
Error,28/06/2019 9:12:48 AM,Service Control Manager,7001,None,"The Network Location Awareness service depends on the DHCP Client service which failed to start because of the following error: 
The service cannot be started, either because it is disabled or because it has no enabled devices associated with it."
Error,28/06/2019 9:12:48 AM,Microsoft-Windows-DistributedCOM,10005,None,"DCOM got error ""1068"" attempting to start the service netprofm with arguments ""Unavailable"" in order to run the server:
{A47979D2-C419-11D9-A5B4-001185AD2B89}"
Error,28/06/2019 9:12:48 AM,Service Control Manager,7001,None,"The Network List Service service depends on the Network Location Awareness service which failed to start because of the following error: 
The dependency service or group failed to start."
Error,28/06/2019 9:12:48 AM,Service Control Manager,7001,None,"The Network Location Awareness service depends on the DHCP Client service which failed to start because of the following error: 
The service cannot be started, either because it is disabled or because it has no enabled devices associated with it."
Error,28/06/2019 9:12:48 AM,Microsoft-Windows-DistributedCOM,10005,None,"DCOM got error ""1068"" attempting to start the service netprofm with arguments ""Unavailable"" in order to run the server:
{A47979D2-C419-11D9-A5B4-001185AD2B89}"
Error,28/06/2019 9:12:48 AM,Service Control Manager,7001,None,"The Network List Service service depends on the Network Location Awareness service which failed to start because of the following error: 
The dependency service or group failed to start."
Error,28/06/2019 9:12:48 AM,Service Control Manager,7001,None,"The Network Location Awareness service depends on the DHCP Client service which failed to start because of the following error: 
The service cannot be started, either because it is disabled or because it has no enabled devices associated with it."
Error,28/06/2019 9:12:48 AM,Microsoft-Windows-DistributedCOM,10005,None,"DCOM got error ""1068"" attempting to start the service netprofm with arguments ""Unavailable"" in order to run the server:
{A47979D2-C419-11D9-A5B4-001185AD2B89}"
Error,28/06/2019 9:12:48 AM,Service Control Manager,7001,None,"The Network List Service service depends on the Network Location Awareness service which failed to start because of the following error: 
The dependency service or group failed to start."
Error,28/06/2019 9:12:48 AM,Service Control Manager,7001,None,"The Network Location Awareness service depends on the DHCP Client service which failed to start because of the following error: 
The service cannot be started, either because it is disabled or because it has no enabled devices associated with it."
Error,28/06/2019 9:12:46 AM,Microsoft-Windows-DistributedCOM,10005,None,"DCOM got error ""1068"" attempting to start the service netprofm with arguments ""Unavailable"" in order to run the server:
{A47979D2-C419-11D9-A5B4-001185AD2B89}"
Error,28/06/2019 9:12:46 AM,Service Control Manager,7001,None,"The Network List Service service depends on the Network Location Awareness service which failed to start because of the following error: 
The dependency service or group failed to start."
Error,28/06/2019 9:12:46 AM,Service Control Manager,7001,None,"The Network Location Awareness service depends on the DHCP Client service which failed to start because of the following error: 
The service cannot be started, either because it is disabled or because it has no enabled devices associated with it."
Error,28/06/2019 9:12:46 AM,Microsoft-Windows-DistributedCOM,10005,None,"DCOM got error ""1068"" attempting to start the service netprofm with arguments ""Unavailable"" in order to run the server:
{A47979D2-C419-11D9-A5B4-001185AD2B89}"
Error,28/06/2019 9:12:46 AM,Service Control Manager,7001,None,"The Network List Service service depends on the Network Location Awareness service which failed to start because of the following error: 
The dependency service or group failed to start."
Error,28/06/2019 9:12:46 AM,Service Control Manager,7001,None,"The Network Location Awareness service depends on the DHCP Client service which failed to start because of the following error: 
The service cannot be started, either because it is disabled or because it has no enabled devices associated with it."
Error,28/06/2019 9:12:46 AM,Microsoft-Windows-DistributedCOM,10005,None,"DCOM got error ""1068"" attempting to start the service netprofm with arguments ""Unavailable"" in order to run the server:
{A47979D2-C419-11D9-A5B4-001185AD2B89}"
Error,28/06/2019 9:12:46 AM,Service Control Manager,7001,None,"The Network List Service service depends on the Network Location Awareness service which failed to start because of the following error: 
The dependency service or group failed to start."
Error,28/06/2019 9:12:46 AM,Service Control Manager,7001,None,"The Network Location Awareness service depends on the DHCP Client service which failed to start because of the following error: 
The service cannot be started, either because it is disabled or because it has no enabled devices associated with it."
Error,28/06/2019 9:12:46 AM,Microsoft-Windows-DistributedCOM,10005,None,"DCOM got error ""1068"" attempting to start the service netprofm with arguments ""Unavailable"" in order to run the server:
{A47979D2-C419-11D9-A5B4-001185AD2B89}"
Error,28/06/2019 9:12:46 AM,Service Control Manager,7001,None,"The Network List Service service depends on the Network Location Awareness service which failed to start because of the following error: 
The dependency service or group failed to start."
Error,28/06/2019 9:12:46 AM,Service Control Manager,7001,None,"The Network Location Awareness service depends on the DHCP Client service which failed to start because of the following error: 
The service cannot be started, either because it is disabled or because it has no enabled devices associated with it."
Error,28/06/2019 9:12:46 AM,Microsoft-Windows-DistributedCOM,10005,None,"DCOM got error ""1068"" attempting to start the service netprofm with arguments ""Unavailable"" in order to run the server:
{A47979D2-C419-11D9-A5B4-001185AD2B89}"
Error,28/06/2019 9:12:46 AM,Service Control Manager,7001,None,"The Network List Service service depends on the Network Location Awareness service which failed to start because of the following error: 
The dependency service or group failed to start."
Error,28/06/2019 9:12:46 AM,Service Control Manager,7001,None,"The Network Location Awareness service depends on the DHCP Client service which failed to start because of the following error: 
The service cannot be started, either because it is disabled or because it has no enabled devices associated with it."
Error,28/06/2019 9:12:46 AM,Microsoft-Windows-DistributedCOM,10005,None,"DCOM got error ""1068"" attempting to start the service netprofm with arguments ""Unavailable"" in order to run the server:
{A47979D2-C419-11D9-A5B4-001185AD2B89}"
Error,28/06/2019 9:12:46 AM,Service Control Manager,7001,None,"The Network List Service service depends on the Network Location Awareness service which failed to start because of the following error: 
The dependency service or group failed to start."
Error,28/06/2019 9:12:46 AM,Service Control Manager,7001,None,"The Network Location Awareness service depends on the DHCP Client service which failed to start because of the following error: 
The service cannot be started, either because it is disabled or because it has no enabled devices associated with it."
Error,28/06/2019 9:12:46 AM,Microsoft-Windows-DistributedCOM,10005,None,"DCOM got error ""1068"" attempting to start the service netprofm with arguments ""Unavailable"" in order to run the server:
{A47979D2-C419-11D9-A5B4-001185AD2B89}"
Error,28/06/2019 9:12:46 AM,Service Control Manager,7001,None,"The Network List Service service depends on the Network Location Awareness service which failed to start because of the following error: 
The dependency service or group failed to start."
Error,28/06/2019 9:12:46 AM,Service Control Manager,7001,None,"The Network Location Awareness service depends on the DHCP Client service which failed to start because of the following error: 
The service cannot be started, either because it is disabled or because it has no enabled devices associated with it."
Error,28/06/2019 9:12:46 AM,Microsoft-Windows-DistributedCOM,10005,None,"DCOM got error ""1068"" attempting to start the service netprofm with arguments ""Unavailable"" in order to run the server:
{A47979D2-C419-11D9-A5B4-001185AD2B89}"
Error,28/06/2019 9:12:46 AM,Service Control Manager,7001,None,"The Network List Service service depends on the Network Location Awareness service which failed to start because of the following error: 
The dependency service or group failed to start."
Error,28/06/2019 9:12:46 AM,Service Control Manager,7001,None,"The Network Location Awareness service depends on the DHCP Client service which failed to start because of the following error: 
The service cannot be started, either because it is disabled or because it has no enabled devices associated with it."
Error,28/06/2019 9:02:25 AM,Service Control Manager,7001,None,"The WinHTTP Web Proxy Auto-Discovery Service service depends on the DHCP Client service which failed to start because of the following error: 
The service cannot be started, either because it is disabled or because it has no enabled devices associated with it."
Error,28/06/2019 9:01:22 AM,Service Control Manager,7001,None,"The WinHTTP Web Proxy Auto-Discovery Service service depends on the DHCP Client service which failed to start because of the following error: 
The service cannot be started, either because it is disabled or because it has no enabled devices associated with it."
Error,28/06/2019 9:01:22 AM,Microsoft-Windows-DistributedCOM,10005,None,"DCOM got error ""1068"" attempting to start the service netprofm with arguments ""Unavailable"" in order to run the server:
{A47979D2-C419-11D9-A5B4-001185AD2B89}"
Error,28/06/2019 9:01:22 AM,Service Control Manager,7001,None,"The Network List Service service depends on the Network Location Awareness service which failed to start because of the following error: 
The dependency service or group failed to start."
Error,28/06/2019 9:01:22 AM,Service Control Manager,7001,None,"The Network Location Awareness service depends on the DHCP Client service which failed to start because of the following error: 
The service cannot be started, either because it is disabled or because it has no enabled devices associated with it."
Error,28/06/2019 9:00:49 AM,Service Control Manager,7001,None,"The WinHTTP Web Proxy Auto-Discovery Service service depends on the DHCP Client service which failed to start because of the following error: 
The service cannot be started, either because it is disabled or because it has no enabled devices associated with it."
Error,28/06/2019 8:45:39 AM,Service Control Manager,7001,None,"The WinHTTP Web Proxy Auto-Discovery Service service depends on the DHCP Client service which failed to start because of the following error: 
The service cannot be started, either because it is disabled or because it has no enabled devices associated with it."
Error,28/06/2019 8:32:25 AM,Service Control Manager,7001,None,"The WinHTTP Web Proxy Auto-Discovery Service service depends on the DHCP Client service which failed to start because of the following error: 
The service cannot be started, either because it is disabled or because it has no enabled devices associated with it."
Error,28/06/2019 8:31:22 AM,Service Control Manager,7001,None,"The WinHTTP Web Proxy Auto-Discovery Service service depends on the DHCP Client service which failed to start because of the following error: 
The service cannot be started, either because it is disabled or because it has no enabled devices associated with it."
Error,28/06/2019 8:31:22 AM,Microsoft-Windows-DistributedCOM,10005,None,"DCOM got error ""1068"" attempting to start the service netprofm with arguments ""Unavailable"" in order to run the server:
{A47979D2-C419-11D9-A5B4-001185AD2B89}"
Error,28/06/2019 8:31:22 AM,Service Control Manager,7001,None,"The Network List Service service depends on the Network Location Awareness service which failed to start because of the following error: 
The dependency service or group failed to start."
Error,28/06/2019 8:31:22 AM,Service Control Manager,7001,None,"The Network Location Awareness service depends on the DHCP Client service which failed to start because of the following error: 
The service cannot be started, either because it is disabled or because it has no enabled devices associated with it."
Error,28/06/2019 8:30:29 AM,Service Control Manager,7001,None,"The WinHTTP Web Proxy Auto-Discovery Service service depends on the DHCP Client service which failed to start because of the following error: 
The service cannot be started, either because it is disabled or because it has no enabled devices associated with it."
Error,28/06/2019 8:15:19 AM,Service Control Manager,7001,None,"The WinHTTP Web Proxy Auto-Discovery Service service depends on the DHCP Client service which failed to start because of the following error: 
The service cannot be started, either because it is disabled or because it has no enabled devices associated with it."
Error,28/06/2019 8:15:03 AM,Service Control Manager,7001,None,"The WinHTTP Web Proxy Auto-Discovery Service service depends on the DHCP Client service which failed to start because of the following error: 
The service cannot be started, either because it is disabled or because it has no enabled devices associated with it."
Error,28/06/2019 8:15:03 AM,Microsoft-Windows-DistributedCOM,10005,None,"DCOM got error ""1068"" attempting to start the service netprofm with arguments ""Unavailable"" in order to run the server:
{A47979D2-C419-11D9-A5B4-001185AD2B89}"
Error,28/06/2019 8:15:03 AM,Service Control Manager,7001,None,"The Network List Service service depends on the Network Location Awareness service which failed to start because of the following error: 
The dependency service or group failed to start."
Error,28/06/2019 8:15:03 AM,Service Control Manager,7001,None,"The Network Location Awareness service depends on the DHCP Client service which failed to start because of the following error: 
The service cannot be started, either because it is disabled or because it has no enabled devices associated with it."
Error,28/06/2019 8:14:00 AM,Service Control Manager,7001,None,"The WinHTTP Web Proxy Auto-Discovery Service service depends on the DHCP Client service which failed to start because of the following error: 
The service cannot be started, either because it is disabled or because it has no enabled devices associated with it."
Error,28/06/2019 8:14:00 AM,Microsoft-Windows-DistributedCOM,10005,None,"DCOM got error ""1068"" attempting to start the service netprofm with arguments ""Unavailable"" in order to run the server:
{A47979D2-C419-11D9-A5B4-001185AD2B89}"
Error,28/06/2019 8:14:00 AM,Service Control Manager,7001,None,"The Network List Service service depends on the Network Location Awareness service which failed to start because of the following error: 
The dependency service or group failed to start."
Error,28/06/2019 8:14:00 AM,Service Control Manager,7001,None,"The Network Location Awareness service depends on the DHCP Client service which failed to start because of the following error: 
The service cannot be started, either because it is disabled or because it has no enabled devices associated with it."
Error,28/06/2019 8:02:25 AM,Service Control Manager,7001,None,"The WinHTTP Web Proxy Auto-Discovery Service service depends on the DHCP Client service which failed to start because of the following error: 
The service cannot be started, either because it is disabled or because it has no enabled devices associated with it."
Error,28/06/2019 8:01:22 AM,Service Control Manager,7001,None,"The WinHTTP Web Proxy Auto-Discovery Service service depends on the DHCP Client service which failed to start because of the following error: 
The service cannot be started, either because it is disabled or because it has no enabled devices associated with it."
Error,28/06/2019 8:01:22 AM,Microsoft-Windows-DistributedCOM,10005,None,"DCOM got error ""1068"" attempting to start the service netprofm with arguments ""Unavailable"" in order to run the server:
{A47979D2-C419-11D9-A5B4-001185AD2B89}"
Error,28/06/2019 8:01:22 AM,Service Control Manager,7001,None,"The Network List Service service depends on the Network Location Awareness service which failed to start because of the following error: 
The dependency service or group failed to start."
Error,28/06/2019 8:01:22 AM,Service Control Manager,7001,None,"The Network Location Awareness service depends on the DHCP Client service which failed to start because of the following error: 
The service cannot be started, either because it is disabled or because it has no enabled devices associated with it."
Error,28/06/2019 8:00:09 AM,Service Control Manager,7001,None,"The WinHTTP Web Proxy Auto-Discovery Service service depends on the DHCP Client service which failed to start because of the following error: 
The service cannot be started, either because it is disabled or because it has no enabled devices associated with it."
Error,28/06/2019 7:48:57 AM,Microsoft-Windows-DistributedCOM,10005,None,"DCOM got error ""1068"" attempting to start the service netprofm with arguments ""Unavailable"" in order to run the server:
{A47979D2-C419-11D9-A5B4-001185AD2B89}"
Error,28/06/2019 7:48:57 AM,Service Control Manager,7001,None,"The Network List Service service depends on the Network Location Awareness service which failed to start because of the following error: 
The dependency service or group failed to start."
Error,28/06/2019 7:48:57 AM,Service Control Manager,7001,None,"The Network Location Awareness service depends on the DHCP Client service which failed to start because of the following error: 
The service cannot be started, either because it is disabled or because it has no enabled devices associated with it."
Error,28/06/2019 7:44:59 AM,Service Control Manager,7001,None,"The WinHTTP Web Proxy Auto-Discovery Service service depends on the DHCP Client service which failed to start because of the following error: 
The service cannot be started, either because it is disabled or because it has no enabled devices associated with it."
Error,28/06/2019 7:43:59 AM,Service Control Manager,7001,None,"The WinHTTP Web Proxy Auto-Discovery Service service depends on the DHCP Client service which failed to start because of the following error: 
The service cannot be started, either because it is disabled or because it has no enabled devices associated with it."
Error,28/06/2019 7:42:56 AM,Service Control Manager,7001,None,"The WinHTTP Web Proxy Auto-Discovery Service service depends on the DHCP Client service which failed to start because of the following error: 
The service cannot be started, either because it is disabled or because it has no enabled devices associated with it."
Error,28/06/2019 7:42:56 AM,Microsoft-Windows-DistributedCOM,10005,None,"DCOM got error ""1068"" attempting to start the service netprofm with arguments ""Unavailable"" in order to run the server:
{A47979D2-C419-11D9-A5B4-001185AD2B89}"
Error,28/06/2019 7:42:56 AM,Service Control Manager,7001,None,"The Network List Service service depends on the Network Location Awareness service which failed to start because of the following error: 
The dependency service or group failed to start."
Error,28/06/2019 7:42:56 AM,Service Control Manager,7001,None,"The Network Location Awareness service depends on the DHCP Client service which failed to start because of the following error: 
The service cannot be started, either because it is disabled or because it has no enabled devices associated with it."
Error,28/06/2019 7:42:56 AM,Service Control Manager,7001,None,"The WinHTTP Web Proxy Auto-Discovery Service service depends on the DHCP Client service which failed to start because of the following error: 
The service cannot be started, either because it is disabled or because it has no enabled devices associated with it."
Error,28/06/2019 7:42:56 AM,Microsoft-Windows-DistributedCOM,10005,None,"DCOM got error ""1068"" attempting to start the service netprofm with arguments ""Unavailable"" in order to run the server:
{A47979D2-C419-11D9-A5B4-001185AD2B89}"
Error,28/06/2019 7:42:56 AM,Service Control Manager,7001,None,"The Network List Service service depends on the Network Location Awareness service which failed to start because of the following error: 
The dependency service or group failed to start."
Error,28/06/2019 7:42:56 AM,Service Control Manager,7001,None,"The Network Location Awareness service depends on the DHCP Client service which failed to start because of the following error: 
The service cannot be started, either because it is disabled or because it has no enabled devices associated with it."
Error,28/06/2019 7:32:25 AM,Service Control Manager,7001,None,"The WinHTTP Web Proxy Auto-Discovery Service service depends on the DHCP Client service which failed to start because of the following error: 
The service cannot be started, either because it is disabled or because it has no enabled devices associated with it."
Error,28/06/2019 7:31:22 AM,Service Control Manager,7001,None,"The WinHTTP Web Proxy Auto-Discovery Service service depends on the DHCP Client service which failed to start because of the following error: 
The service cannot be started, either because it is disabled or because it has no enabled devices associated with it."
Error,28/06/2019 7:31:22 AM,Microsoft-Windows-DistributedCOM,10005,None,"DCOM got error ""1068"" attempting to start the service netprofm with arguments ""Unavailable"" in order to run the server:
{A47979D2-C419-11D9-A5B4-001185AD2B89}"
Error,28/06/2019 7:31:22 AM,Service Control Manager,7001,None,"The Network List Service service depends on the Network Location Awareness service which failed to start because of the following error: 
The dependency service or group failed to start."
Error,28/06/2019 7:31:22 AM,Service Control Manager,7001,None,"The Network Location Awareness service depends on the DHCP Client service which failed to start because of the following error: 
The service cannot be started, either because it is disabled or because it has no enabled devices associated with it."
Error,28/06/2019 7:29:49 AM,Service Control Manager,7001,None,"The WinHTTP Web Proxy Auto-Discovery Service service depends on the DHCP Client service which failed to start because of the following error: 
The service cannot be started, either because it is disabled or because it has no enabled devices associated with it."
Error,28/06/2019 7:14:38 AM,Service Control Manager,7001,None,"The WinHTTP Web Proxy Auto-Discovery Service service depends on the DHCP Client service which failed to start because of the following error: 
The service cannot be started, either because it is disabled or because it has no enabled devices associated with it."
Error,28/06/2019 7:04:31 AM,Service Control Manager,7001,None,"The WinHTTP Web Proxy Auto-Discovery Service service depends on the DHCP Client service which failed to start because of the following error: 
The service cannot be started, either because it is disabled or because it has no enabled devices associated with it."
Error,28/06/2019 7:02:25 AM,Service Control Manager,7001,None,"The WinHTTP Web Proxy Auto-Discovery Service service depends on the DHCP Client service which failed to start because of the following error: 
The service cannot be started, either because it is disabled or because it has no enabled devices associated with it."
Error,28/06/2019 7:02:25 AM,Microsoft-Windows-DistributedCOM,10005,None,"DCOM got error ""1068"" attempting to start the service netprofm with arguments ""Unavailable"" in order to run the server:
{A47979D2-C419-11D9-A5B4-001185AD2B89}"
Error,28/06/2019 7:02:25 AM,Service Control Manager,7001,None,"The Network List Service service depends on the Network Location Awareness service which failed to start because of the following error: 
The dependency service or group failed to start."
Error,28/06/2019 7:02:25 AM,Service Control Manager,7001,None,"The Network Location Awareness service depends on the DHCP Client service which failed to start because of the following error: 
The service cannot be started, either because it is disabled or because it has no enabled devices associated with it."
Error,28/06/2019 7:02:25 AM,Service Control Manager,7001,None,"The WinHTTP Web Proxy Auto-Discovery Service service depends on the DHCP Client service which failed to start because of the following error: 
The service cannot be started, either because it is disabled or because it has no enabled devices associated with it."
Error,28/06/2019 7:01:22 AM,Service Control Manager,7001,None,"The WinHTTP Web Proxy Auto-Discovery Service service depends on the DHCP Client service which failed to start because of the following error: 
The service cannot be started, either because it is disabled or because it has no enabled devices associated with it."
Error,28/06/2019 7:01:22 AM,Microsoft-Windows-DistributedCOM,10005,None,"DCOM got error ""1068"" attempting to start the service netprofm with arguments ""Unavailable"" in order to run the server:
{A47979D2-C419-11D9-A5B4-001185AD2B89}"
Error,28/06/2019 7:01:22 AM,Service Control Manager,7001,None,"The Network List Service service depends on the Network Location Awareness service which failed to start because of the following error: 
The dependency service or group failed to start."
Error,28/06/2019 7:01:22 AM,Service Control Manager,7001,None,"The Network Location Awareness service depends on the DHCP Client service which failed to start because of the following error: 
The service cannot be started, either because it is disabled or because it has no enabled devices associated with it."
Error,28/06/2019 6:59:28 AM,Service Control Manager,7001,None,"The WinHTTP Web Proxy Auto-Discovery Service service depends on the DHCP Client service which failed to start because of the following error: 
The service cannot be started, either because it is disabled or because it has no enabled devices associated with it."
Error,28/06/2019 6:58:20 AM,Microsoft-Windows-DistributedCOM,10005,None,"DCOM got error ""1068"" attempting to start the service netprofm with arguments ""Unavailable"" in order to run the server:
{A47979D2-C419-11D9-A5B4-001185AD2B89}"
Error,28/06/2019 6:58:20 AM,Service Control Manager,7001,None,"The Network List Service service depends on the Network Location Awareness service which failed to start because of the following error: 
The dependency service or group failed to start."
Error,28/06/2019 6:58:20 AM,Service Control Manager,7001,None,"The Network Location Awareness service depends on the DHCP Client service which failed to start because of the following error: 
The service cannot be started, either because it is disabled or because it has no enabled devices associated with it."
Error,28/06/2019 6:45:09 AM,Service Control Manager,7001,None,"The WinHTTP Web Proxy Auto-Discovery Service service depends on the DHCP Client service which failed to start because of the following error: 
The service cannot be started, either because it is disabled or because it has no enabled devices associated with it."
Error,28/06/2019 6:45:05 AM,Service Control Manager,7001,None,"The WinHTTP Web Proxy Auto-Discovery Service service depends on the DHCP Client service which failed to start because of the following error: 
The service cannot be started, either because it is disabled or because it has no enabled devices associated with it."
Error,28/06/2019 6:44:18 AM,Service Control Manager,7001,None,"The WinHTTP Web Proxy Auto-Discovery Service service depends on the DHCP Client service which failed to start because of the following error: 
The service cannot be started, either because it is disabled or because it has no enabled devices associated with it."
Error,28/06/2019 6:42:55 AM,Service Control Manager,7001,None,"The WinHTTP Web Proxy Auto-Discovery Service service depends on the DHCP Client service which failed to start because of the following error: 
The service cannot be started, either because it is disabled or because it has no enabled devices associated with it."
Error,28/06/2019 6:42:55 AM,Microsoft-Windows-DistributedCOM,10005,None,"DCOM got error ""1068"" attempting to start the service netprofm with arguments ""Unavailable"" in order to run the server:
{A47979D2-C419-11D9-A5B4-001185AD2B89}"
Error,28/06/2019 6:42:55 AM,Service Control Manager,7001,None,"The Network List Service service depends on the Network Location Awareness service which failed to start because of the following error: 
The dependency service or group failed to start."
Error,28/06/2019 6:42:55 AM,Service Control Manager,7001,None,"The Network Location Awareness service depends on the DHCP Client service which failed to start because of the following error: 
The service cannot be started, either because it is disabled or because it has no enabled devices associated with it."
Error,28/06/2019 6:41:52 AM,Service Control Manager,7001,None,"The WinHTTP Web Proxy Auto-Discovery Service service depends on the DHCP Client service which failed to start because of the following error: 
The service cannot be started, either because it is disabled or because it has no enabled devices associated with it."
Error,28/06/2019 6:41:52 AM,Microsoft-Windows-DistributedCOM,10005,None,"DCOM got error ""1068"" attempting to start the service netprofm with arguments ""Unavailable"" in order to run the server:
{A47979D2-C419-11D9-A5B4-001185AD2B89}"
Error,28/06/2019 6:41:52 AM,Service Control Manager,7001,None,"The Network List Service service depends on the Network Location Awareness service which failed to start because of the following error: 
The dependency service or group failed to start."
Error,28/06/2019 6:41:52 AM,Service Control Manager,7001,None,"The Network Location Awareness service depends on the DHCP Client service which failed to start because of the following error: 
The service cannot be started, either because it is disabled or because it has no enabled devices associated with it."
Error,28/06/2019 6:40:00 AM,Service Control Manager,7001,None,"The WinHTTP Web Proxy Auto-Discovery Service service depends on the DHCP Client service which failed to start because of the following error: 
The service cannot be started, either because it is disabled or because it has no enabled devices associated with it."
Error,28/06/2019 6:39:49 AM,Service Control Manager,7001,None,"The WinHTTP Web Proxy Auto-Discovery Service service depends on the DHCP Client service which failed to start because of the following error: 
The service cannot be started, either because it is disabled or because it has no enabled devices associated with it."
Error,28/06/2019 6:32:25 AM,Service Control Manager,7001,None,"The WinHTTP Web Proxy Auto-Discovery Service service depends on the DHCP Client service which failed to start because of the following error: 
The service cannot be started, either because it is disabled or because it has no enabled devices associated with it."
Error,28/06/2019 6:31:22 AM,Service Control Manager,7001,None,"The WinHTTP Web Proxy Auto-Discovery Service service depends on the DHCP Client service which failed to start because of the following error: 
The service cannot be started, either because it is disabled or because it has no enabled devices associated with it."
Error,28/06/2019 6:31:22 AM,Microsoft-Windows-DistributedCOM,10005,None,"DCOM got error ""1068"" attempting to start the service netprofm with arguments ""Unavailable"" in order to run the server:
{A47979D2-C419-11D9-A5B4-001185AD2B89}"
Error,28/06/2019 6:31:22 AM,Service Control Manager,7001,None,"The Network List Service service depends on the Network Location Awareness service which failed to start because of the following error: 
The dependency service or group failed to start."
Error,28/06/2019 6:31:22 AM,Service Control Manager,7001,None,"The Network Location Awareness service depends on the DHCP Client service which failed to start because of the following error: 
The service cannot be started, either because it is disabled or because it has no enabled devices associated with it."
Error,28/06/2019 6:29:08 AM,Service Control Manager,7001,None,"The WinHTTP Web Proxy Auto-Discovery Service service depends on the DHCP Client service which failed to start because of the following error: 
The service cannot be started, either because it is disabled or because it has no enabled devices associated with it."
Error,28/06/2019 6:13:58 AM,Service Control Manager,7001,None,"The WinHTTP Web Proxy Auto-Discovery Service service depends on the DHCP Client service which failed to start because of the following error: 
The service cannot be started, either because it is disabled or because it has no enabled devices associated with it."
Error,28/06/2019 6:11:52 AM,Service Control Manager,7001,None,"The WinHTTP Web Proxy Auto-Discovery Service service depends on the DHCP Client service which failed to start because of the following error: 
The service cannot be started, either because it is disabled or because it has no enabled devices associated with it."
Error,28/06/2019 6:10:48 AM,Service Control Manager,7001,None,"The WinHTTP Web Proxy Auto-Discovery Service service depends on the DHCP Client service which failed to start because of the following error: 
The service cannot be started, either because it is disabled or because it has no enabled devices associated with it."
Error,28/06/2019 6:10:48 AM,Microsoft-Windows-DistributedCOM,10005,None,"DCOM got error ""1068"" attempting to start the service netprofm with arguments ""Unavailable"" in order to run the server:
{A47979D2-C419-11D9-A5B4-001185AD2B89}"
Error,28/06/2019 6:10:48 AM,Service Control Manager,7001,None,"The Network List Service service depends on the Network Location Awareness service which failed to start because of the following error: 
The dependency service or group failed to start."
Error,28/06/2019 6:10:48 AM,Service Control Manager,7001,None,"The Network Location Awareness service depends on the DHCP Client service which failed to start because of the following error: 
The service cannot be started, either because it is disabled or because it has no enabled devices associated with it."
Error,28/06/2019 6:10:48 AM,Service Control Manager,7001,None,"The WinHTTP Web Proxy Auto-Discovery Service service depends on the DHCP Client service which failed to start because of the following error: 
The service cannot be started, either because it is disabled or because it has no enabled devices associated with it."
Error,28/06/2019 6:10:48 AM,Microsoft-Windows-DistributedCOM,10005,None,"DCOM got error ""1068"" attempting to start the service netprofm with arguments ""Unavailable"" in order to run the server:
{A47979D2-C419-11D9-A5B4-001185AD2B89}"
Error,28/06/2019 6:10:48 AM,Service Control Manager,7001,None,"The Network List Service service depends on the Network Location Awareness service which failed to start because of the following error: 
The dependency service or group failed to start."
Error,28/06/2019 6:10:48 AM,Service Control Manager,7001,None,"The Network Location Awareness service depends on the DHCP Client service which failed to start because of the following error: 
The service cannot be started, either because it is disabled or because it has no enabled devices associated with it."
Error,28/06/2019 6:02:25 AM,Service Control Manager,7001,None,"The WinHTTP Web Proxy Auto-Discovery Service service depends on the DHCP Client service which failed to start because of the following error: 
The service cannot be started, either because it is disabled or because it has no enabled devices associated with it."
Error,28/06/2019 6:01:22 AM,Service Control Manager,7001,None,"The WinHTTP Web Proxy Auto-Discovery Service service depends on the DHCP Client service which failed to start because of the following error: 
The service cannot be started, either because it is disabled or because it has no enabled devices associated with it."
Error,28/06/2019 6:01:22 AM,Microsoft-Windows-DistributedCOM,10005,None,"DCOM got error ""1068"" attempting to start the service netprofm with arguments ""Unavailable"" in order to run the server:
{A47979D2-C419-11D9-A5B4-001185AD2B89}"
Error,28/06/2019 6:01:22 AM,Service Control Manager,7001,None,"The Network List Service service depends on the Network Location Awareness service which failed to start because of the following error: 
The dependency service or group failed to start."
Error,28/06/2019 6:01:22 AM,Service Control Manager,7001,None,"The Network Location Awareness service depends on the DHCP Client service which failed to start because of the following error: 
The service cannot be started, either because it is disabled or because it has no enabled devices associated with it."
Error,28/06/2019 5:58:48 AM,Service Control Manager,7001,None,"The WinHTTP Web Proxy Auto-Discovery Service service depends on the DHCP Client service which failed to start because of the following error: 
The service cannot be started, either because it is disabled or because it has no enabled devices associated with it."
Error,28/06/2019 5:43:38 AM,Service Control Manager,7001,None,"The WinHTTP Web Proxy Auto-Discovery Service service depends on the DHCP Client service which failed to start because of the following error: 
The service cannot be started, either because it is disabled or because it has no enabled devices associated with it."
Error,28/06/2019 5:40:48 AM,Service Control Manager,7001,None,"The WinHTTP Web Proxy Auto-Discovery Service service depends on the DHCP Client service which failed to start because of the following error: 
The service cannot be started, either because it is disabled or because it has no enabled devices associated with it."
Error,28/06/2019 5:40:48 AM,Microsoft-Windows-DistributedCOM,10005,None,"DCOM got error ""1068"" attempting to start the service netprofm with arguments ""Unavailable"" in order to run the server:
{A47979D2-C419-11D9-A5B4-001185AD2B89}"
Error,28/06/2019 5:40:48 AM,Service Control Manager,7001,None,"The Network List Service service depends on the Network Location Awareness service which failed to start because of the following error: 
The dependency service or group failed to start."
Error,28/06/2019 5:40:48 AM,Service Control Manager,7001,None,"The Network Location Awareness service depends on the DHCP Client service which failed to start because of the following error: 
The service cannot be started, either because it is disabled or because it has no enabled devices associated with it."
Error,28/06/2019 5:39:45 AM,Service Control Manager,7001,None,"The WinHTTP Web Proxy Auto-Discovery Service service depends on the DHCP Client service which failed to start because of the following error: 
The service cannot be started, either because it is disabled or because it has no enabled devices associated with it."
Error,28/06/2019 5:39:45 AM,Microsoft-Windows-DistributedCOM,10005,None,"DCOM got error ""1068"" attempting to start the service netprofm with arguments ""Unavailable"" in order to run the server:
{A47979D2-C419-11D9-A5B4-001185AD2B89}"
Error,28/06/2019 5:39:45 AM,Service Control Manager,7001,None,"The Network List Service service depends on the Network Location Awareness service which failed to start because of the following error: 
The dependency service or group failed to start."
Error,28/06/2019 5:39:45 AM,Service Control Manager,7001,None,"The Network Location Awareness service depends on the DHCP Client service which failed to start because of the following error: 
The service cannot be started, either because it is disabled or because it has no enabled devices associated with it."
Error,28/06/2019 5:32:25 AM,Service Control Manager,7001,None,"The WinHTTP Web Proxy Auto-Discovery Service service depends on the DHCP Client service which failed to start because of the following error: 
The service cannot be started, either because it is disabled or because it has no enabled devices associated with it."
Error,28/06/2019 5:31:22 AM,Service Control Manager,7001,None,"The WinHTTP Web Proxy Auto-Discovery Service service depends on the DHCP Client service which failed to start because of the following error: 
The service cannot be started, either because it is disabled or because it has no enabled devices associated with it."
Error,28/06/2019 5:31:22 AM,Microsoft-Windows-DistributedCOM,10005,None,"DCOM got error ""1068"" attempting to start the service netprofm with arguments ""Unavailable"" in order to run the server:
{A47979D2-C419-11D9-A5B4-001185AD2B89}"
Error,28/06/2019 5:31:22 AM,Service Control Manager,7001,None,"The Network List Service service depends on the Network Location Awareness service which failed to start because of the following error: 
The dependency service or group failed to start."
Error,28/06/2019 5:31:22 AM,Service Control Manager,7001,None,"The Network Location Awareness service depends on the DHCP Client service which failed to start because of the following error: 
The service cannot be started, either because it is disabled or because it has no enabled devices associated with it."
Error,28/06/2019 5:28:28 AM,Service Control Manager,7001,None,"The WinHTTP Web Proxy Auto-Discovery Service service depends on the DHCP Client service which failed to start because of the following error: 
The service cannot be started, either because it is disabled or because it has no enabled devices associated with it."
Error,28/06/2019 5:13:18 AM,Service Control Manager,7001,None,"The WinHTTP Web Proxy Auto-Discovery Service service depends on the DHCP Client service which failed to start because of the following error: 
The service cannot be started, either because it is disabled or because it has no enabled devices associated with it."
Error,28/06/2019 5:02:25 AM,Service Control Manager,7001,None,"The WinHTTP Web Proxy Auto-Discovery Service service depends on the DHCP Client service which failed to start because of the following error: 
The service cannot be started, either because it is disabled or because it has no enabled devices associated with it."
Error,28/06/2019 5:01:22 AM,Service Control Manager,7001,None,"The WinHTTP Web Proxy Auto-Discovery Service service depends on the DHCP Client service which failed to start because of the following error: 
The service cannot be started, either because it is disabled or because it has no enabled devices associated with it."
Error,28/06/2019 5:01:22 AM,Microsoft-Windows-DistributedCOM,10005,None,"DCOM got error ""1068"" attempting to start the service netprofm with arguments ""Unavailable"" in order to run the server:
{A47979D2-C419-11D9-A5B4-001185AD2B89}"
Error,28/06/2019 5:01:22 AM,Service Control Manager,7001,None,"The Network List Service service depends on the Network Location Awareness service which failed to start because of the following error: 
The dependency service or group failed to start."
Error,28/06/2019 5:01:22 AM,Service Control Manager,7001,None,"The Network Location Awareness service depends on the DHCP Client service which failed to start because of the following error: 
The service cannot be started, either because it is disabled or because it has no enabled devices associated with it."
Error,28/06/2019 4:58:08 AM,Service Control Manager,7001,None,"The WinHTTP Web Proxy Auto-Discovery Service service depends on the DHCP Client service which failed to start because of the following error: 
The service cannot be started, either because it is disabled or because it has no enabled devices associated with it."
Error,28/06/2019 4:55:45 AM,Service Control Manager,7001,None,"The WinHTTP Web Proxy Auto-Discovery Service service depends on the DHCP Client service which failed to start because of the following error: 
The service cannot be started, either because it is disabled or because it has no enabled devices associated with it."
Error,28/06/2019 4:54:44 AM,Service Control Manager,7001,None,"The WinHTTP Web Proxy Auto-Discovery Service service depends on the DHCP Client service which failed to start because of the following error: 
The service cannot be started, either because it is disabled or because it has no enabled devices associated with it."
Error,28/06/2019 4:54:44 AM,Microsoft-Windows-DistributedCOM,10005,None,"DCOM got error ""1068"" attempting to start the service netprofm with arguments ""Unavailable"" in order to run the server:
{A47979D2-C419-11D9-A5B4-001185AD2B89}"
Error,28/06/2019 4:54:44 AM,Service Control Manager,7001,None,"The Network List Service service depends on the Network Location Awareness service which failed to start because of the following error: 
The dependency service or group failed to start."
Error,28/06/2019 4:54:44 AM,Service Control Manager,7001,None,"The Network Location Awareness service depends on the DHCP Client service which failed to start because of the following error: 
The service cannot be started, either because it is disabled or because it has no enabled devices associated with it."
Error,28/06/2019 4:53:41 AM,Service Control Manager,7001,None,"The WinHTTP Web Proxy Auto-Discovery Service service depends on the DHCP Client service which failed to start because of the following error: 
The service cannot be started, either because it is disabled or because it has no enabled devices associated with it."
Error,28/06/2019 4:53:41 AM,Microsoft-Windows-DistributedCOM,10005,None,"DCOM got error ""1068"" attempting to start the service netprofm with arguments ""Unavailable"" in order to run the server:
{A47979D2-C419-11D9-A5B4-001185AD2B89}"
Error,28/06/2019 4:53:41 AM,Service Control Manager,7001,None,"The Network List Service service depends on the Network Location Awareness service which failed to start because of the following error: 
The dependency service or group failed to start."
Error,28/06/2019 4:53:41 AM,Service Control Manager,7001,None,"The Network Location Awareness service depends on the DHCP Client service which failed to start because of the following error: 
The service cannot be started, either because it is disabled or because it has no enabled devices associated with it."
Error,28/06/2019 4:42:58 AM,Service Control Manager,7001,None,"The WinHTTP Web Proxy Auto-Discovery Service service depends on the DHCP Client service which failed to start because of the following error: 
The service cannot be started, either because it is disabled or because it has no enabled devices associated with it."
Error,28/06/2019 4:38:49 AM,Service Control Manager,7001,None,"The WinHTTP Web Proxy Auto-Discovery Service service depends on the DHCP Client service which failed to start because of the following error: 
The service cannot be started, either because it is disabled or because it has no enabled devices associated with it."
Error,28/06/2019 4:38:41 AM,Service Control Manager,7001,None,"The WinHTTP Web Proxy Auto-Discovery Service service depends on the DHCP Client service which failed to start because of the following error: 
The service cannot be started, either because it is disabled or because it has no enabled devices associated with it."
Error,28/06/2019 4:38:41 AM,Microsoft-Windows-DistributedCOM,10005,None,"DCOM got error ""1068"" attempting to start the service netprofm with arguments ""Unavailable"" in order to run the server:
{A47979D2-C419-11D9-A5B4-001185AD2B89}"
Error,28/06/2019 4:38:41 AM,Service Control Manager,7001,None,"The Network List Service service depends on the Network Location Awareness service which failed to start because of the following error: 
The dependency service or group failed to start."
Error,28/06/2019 4:38:41 AM,Service Control Manager,7001,None,"The Network Location Awareness service depends on the DHCP Client service which failed to start because of the following error: 
The service cannot be started, either because it is disabled or because it has no enabled devices associated with it."
Error,28/06/2019 4:33:27 AM,Service Control Manager,7001,None,"The WinHTTP Web Proxy Auto-Discovery Service service depends on the DHCP Client service which failed to start because of the following error: 
The service cannot be started, either because it is disabled or because it has no enabled devices associated with it."
Error,28/06/2019 4:32:25 AM,Service Control Manager,7001,None,"The WinHTTP Web Proxy Auto-Discovery Service service depends on the DHCP Client service which failed to start because of the following error: 
The service cannot be started, either because it is disabled or because it has no enabled devices associated with it."
Error,28/06/2019 4:32:06 AM,Service Control Manager,7001,None,"The WinHTTP Web Proxy Auto-Discovery Service service depends on the DHCP Client service which failed to start because of the following error: 
The service cannot be started, either because it is disabled or because it has no enabled devices associated with it."
Error,28/06/2019 4:31:22 AM,Service Control Manager,7001,None,"The WinHTTP Web Proxy Auto-Discovery Service service depends on the DHCP Client service which failed to start because of the following error: 
The service cannot be started, either because it is disabled or because it has no enabled devices associated with it."
Error,28/06/2019 4:31:22 AM,Microsoft-Windows-DistributedCOM,10005,None,"DCOM got error ""1068"" attempting to start the service netprofm with arguments ""Unavailable"" in order to run the server:
{A47979D2-C419-11D9-A5B4-001185AD2B89}"
Error,28/06/2019 4:31:22 AM,Service Control Manager,7001,None,"The Network List Service service depends on the Network Location Awareness service which failed to start because of the following error: 
The dependency service or group failed to start."
Error,28/06/2019 4:31:22 AM,Service Control Manager,7001,None,"The Network Location Awareness service depends on the DHCP Client service which failed to start because of the following error: 
The service cannot be started, either because it is disabled or because it has no enabled devices associated with it."
Error,28/06/2019 4:27:48 AM,Service Control Manager,7001,None,"The WinHTTP Web Proxy Auto-Discovery Service service depends on the DHCP Client service which failed to start because of the following error: 
The service cannot be started, either because it is disabled or because it has no enabled devices associated with it."
Error,28/06/2019 4:12:38 AM,Service Control Manager,7001,None,"The WinHTTP Web Proxy Auto-Discovery Service service depends on the DHCP Client service which failed to start because of the following error: 
The service cannot be started, either because it is disabled or because it has no enabled devices associated with it."
Error,28/06/2019 4:08:40 AM,Service Control Manager,7001,None,"The WinHTTP Web Proxy Auto-Discovery Service service depends on the DHCP Client service which failed to start because of the following error: 
The service cannot be started, either because it is disabled or because it has no enabled devices associated with it."
Error,28/06/2019 4:08:40 AM,Microsoft-Windows-DistributedCOM,10005,None,"DCOM got error ""1068"" attempting to start the service netprofm with arguments ""Unavailable"" in order to run the server:
{A47979D2-C419-11D9-A5B4-001185AD2B89}"
Error,28/06/2019 4:08:40 AM,Service Control Manager,7001,None,"The Network List Service service depends on the Network Location Awareness service which failed to start because of the following error: 
The dependency service or group failed to start."
Error,28/06/2019 4:08:40 AM,Service Control Manager,7001,None,"The Network Location Awareness service depends on the DHCP Client service which failed to start because of the following error: 
The service cannot be started, either because it is disabled or because it has no enabled devices associated with it."
Error,28/06/2019 4:06:34 AM,Service Control Manager,7001,None,"The WinHTTP Web Proxy Auto-Discovery Service service depends on the DHCP Client service which failed to start because of the following error: 
The service cannot be started, either because it is disabled or because it has no enabled devices associated with it."
Error,28/06/2019 4:06:34 AM,Microsoft-Windows-DistributedCOM,10005,None,"DCOM got error ""1068"" attempting to start the service netprofm with arguments ""Unavailable"" in order to run the server:
{A47979D2-C419-11D9-A5B4-001185AD2B89}"
Error,28/06/2019 4:06:34 AM,Service Control Manager,7001,None,"The Network List Service service depends on the Network Location Awareness service which failed to start because of the following error: 
The dependency service or group failed to start."
Error,28/06/2019 4:06:34 AM,Service Control Manager,7001,None,"The Network Location Awareness service depends on the DHCP Client service which failed to start because of the following error: 
The service cannot be started, either because it is disabled or because it has no enabled devices associated with it."
Error,28/06/2019 4:02:25 AM,Service Control Manager,7001,None,"The WinHTTP Web Proxy Auto-Discovery Service service depends on the DHCP Client service which failed to start because of the following error: 
The service cannot be started, either because it is disabled or because it has no enabled devices associated with it."
Error,28/06/2019 4:01:22 AM,Service Control Manager,7001,None,"The WinHTTP Web Proxy Auto-Discovery Service service depends on the DHCP Client service which failed to start because of the following error: 
The service cannot be started, either because it is disabled or because it has no enabled devices associated with it."
Error,28/06/2019 4:01:22 AM,Microsoft-Windows-DistributedCOM,10005,None,"DCOM got error ""1068"" attempting to start the service netprofm with arguments ""Unavailable"" in order to run the server:
{A47979D2-C419-11D9-A5B4-001185AD2B89}"
Error,28/06/2019 4:01:22 AM,Service Control Manager,7001,None,"The Network List Service service depends on the Network Location Awareness service which failed to start because of the following error: 
The dependency service or group failed to start."
Error,28/06/2019 4:01:22 AM,Service Control Manager,7001,None,"The Network Location Awareness service depends on the DHCP Client service which failed to start because of the following error: 
The service cannot be started, either because it is disabled or because it has no enabled devices associated with it."
Error,28/06/2019 3:57:49 AM,Microsoft-Windows-DistributedCOM,10005,None,"DCOM got error ""1068"" attempting to start the service netprofm with arguments ""Unavailable"" in order to run the server:
{A47979D2-C419-11D9-A5B4-001185AD2B89}"
Error,28/06/2019 3:57:49 AM,Service Control Manager,7001,None,"The Network List Service service depends on the Network Location Awareness service which failed to start because of the following error: 
The dependency service or group failed to start."
Error,28/06/2019 3:57:49 AM,Service Control Manager,7001,None,"The Network Location Awareness service depends on the DHCP Client service which failed to start because of the following error: 
The service cannot be started, either because it is disabled or because it has no enabled devices associated with it."
Error,28/06/2019 3:57:28 AM,Service Control Manager,7001,None,"The WinHTTP Web Proxy Auto-Discovery Service service depends on the DHCP Client service which failed to start because of the following error: 
The service cannot be started, either because it is disabled or because it has no enabled devices associated with it."
Error,28/06/2019 3:42:18 AM,Service Control Manager,7001,None,"The WinHTTP Web Proxy Auto-Discovery Service service depends on the DHCP Client service which failed to start because of the following error: 
The service cannot be started, either because it is disabled or because it has no enabled devices associated with it."
Error,28/06/2019 3:34:32 AM,Service Control Manager,7001,None,"The WinHTTP Web Proxy Auto-Discovery Service service depends on the DHCP Client service which failed to start because of the following error: 
The service cannot be started, either because it is disabled or because it has no enabled devices associated with it."
Error,28/06/2019 3:33:26 AM,Service Control Manager,7001,None,"The WinHTTP Web Proxy Auto-Discovery Service service depends on the DHCP Client service which failed to start because of the following error: 
The service cannot be started, either because it is disabled or because it has no enabled devices associated with it."
Error,28/06/2019 3:32:25 AM,Service Control Manager,7001,None,"The WinHTTP Web Proxy Auto-Discovery Service service depends on the DHCP Client service which failed to start because of the following error: 
The service cannot be started, either because it is disabled or because it has no enabled devices associated with it."
Error,28/06/2019 3:32:25 AM,Microsoft-Windows-DistributedCOM,10005,None,"DCOM got error ""1068"" attempting to start the service netprofm with arguments ""Unavailable"" in order to run the server:
{A47979D2-C419-11D9-A5B4-001185AD2B89}"
Error,28/06/2019 3:32:25 AM,Service Control Manager,7001,None,"The Network List Service service depends on the Network Location Awareness service which failed to start because of the following error: 
The dependency service or group failed to start."
Error,28/06/2019 3:32:25 AM,Service Control Manager,7001,None,"The Network Location Awareness service depends on the DHCP Client service which failed to start because of the following error: 
The service cannot be started, either because it is disabled or because it has no enabled devices associated with it."
Error,28/06/2019 3:32:25 AM,Service Control Manager,7001,None,"The WinHTTP Web Proxy Auto-Discovery Service service depends on the DHCP Client service which failed to start because of the following error: 
The service cannot be started, either because it is disabled or because it has no enabled devices associated with it."
Error,28/06/2019 3:31:22 AM,Service Control Manager,7001,None,"The WinHTTP Web Proxy Auto-Discovery Service service depends on the DHCP Client service which failed to start because of the following error: 
The service cannot be started, either because it is disabled or because it has no enabled devices associated with it."
Error,28/06/2019 3:31:22 AM,Microsoft-Windows-DistributedCOM,10005,None,"DCOM got error ""1068"" attempting to start the service netprofm with arguments ""Unavailable"" in order to run the server:
{A47979D2-C419-11D9-A5B4-001185AD2B89}"
Error,28/06/2019 3:31:22 AM,Service Control Manager,7001,None,"The Network List Service service depends on the Network Location Awareness service which failed to start because of the following error: 
The dependency service or group failed to start."
Error,28/06/2019 3:31:22 AM,Service Control Manager,7001,None,"The Network Location Awareness service depends on the DHCP Client service which failed to start because of the following error: 
The service cannot be started, either because it is disabled or because it has no enabled devices associated with it."
Error,28/06/2019 3:27:08 AM,Service Control Manager,7001,None,"The WinHTTP Web Proxy Auto-Discovery Service service depends on the DHCP Client service which failed to start because of the following error: 
The service cannot be started, either because it is disabled or because it has no enabled devices associated with it."
Error,28/06/2019 3:21:34 AM,Service Control Manager,7001,None,"The WinHTTP Web Proxy Auto-Discovery Service service depends on the DHCP Client service which failed to start because of the following error: 
The service cannot be started, either because it is disabled or because it has no enabled devices associated with it."
Error,28/06/2019 3:21:34 AM,Microsoft-Windows-DistributedCOM,10005,None,"DCOM got error ""1068"" attempting to start the service netprofm with arguments ""Unavailable"" in order to run the server:
{A47979D2-C419-11D9-A5B4-001185AD2B89}"
Error,28/06/2019 3:21:34 AM,Service Control Manager,7001,None,"The Network List Service service depends on the Network Location Awareness service which failed to start because of the following error: 
The dependency service or group failed to start."
Error,28/06/2019 3:21:34 AM,Service Control Manager,7001,None,"The Network Location Awareness service depends on the DHCP Client service which failed to start because of the following error: 
The service cannot be started, either because it is disabled or because it has no enabled devices associated with it."
Error,28/06/2019 3:20:31 AM,Service Control Manager,7001,None,"The WinHTTP Web Proxy Auto-Discovery Service service depends on the DHCP Client service which failed to start because of the following error: 
The service cannot be started, either because it is disabled or because it has no enabled devices associated with it."
Error,28/06/2019 3:20:31 AM,Microsoft-Windows-DistributedCOM,10005,None,"DCOM got error ""1068"" attempting to start the service netprofm with arguments ""Unavailable"" in order to run the server:
{A47979D2-C419-11D9-A5B4-001185AD2B89}"
Error,28/06/2019 3:20:31 AM,Service Control Manager,7001,None,"The Network List Service service depends on the Network Location Awareness service which failed to start because of the following error: 
The dependency service or group failed to start."
Error,28/06/2019 3:20:31 AM,Service Control Manager,7001,None,"The Network Location Awareness service depends on the DHCP Client service which failed to start because of the following error: 
The service cannot be started, either because it is disabled or because it has no enabled devices associated with it."
Error,28/06/2019 3:15:10 AM,Service Control Manager,7001,None,"The WinHTTP Web Proxy Auto-Discovery Service service depends on the DHCP Client service which failed to start because of the following error: 
The service cannot be started, either because it is disabled or because it has no enabled devices associated with it."
Error,28/06/2019 3:15:09 AM,Service Control Manager,7001,None,"The WinHTTP Web Proxy Auto-Discovery Service service depends on the DHCP Client service which failed to start because of the following error: 
The service cannot be started, either because it is disabled or because it has no enabled devices associated with it."
Error,28/06/2019 3:11:58 AM,Service Control Manager,7001,None,"The WinHTTP Web Proxy Auto-Discovery Service service depends on the DHCP Client service which failed to start because of the following error: 
The service cannot be started, either because it is disabled or because it has no enabled devices associated with it."
Error,28/06/2019 3:10:03 AM,Service Control Manager,7001,None,"The WinHTTP Web Proxy Auto-Discovery Service service depends on the DHCP Client service which failed to start because of the following error: 
The service cannot be started, either because it is disabled or because it has no enabled devices associated with it."
Error,28/06/2019 3:09:54 AM,Service Control Manager,7001,None,"The WinHTTP Web Proxy Auto-Discovery Service service depends on the DHCP Client service which failed to start because of the following error: 
The service cannot be started, either because it is disabled or because it has no enabled devices associated with it."
Error,28/06/2019 3:09:50 AM,Service Control Manager,7001,None,"The WinHTTP Web Proxy Auto-Discovery Service service depends on the DHCP Client service which failed to start because of the following error: 
The service cannot be started, either because it is disabled or because it has no enabled devices associated with it."
Error,28/06/2019 3:07:47 AM,Service Control Manager,7001,None,"The WinHTTP Web Proxy Auto-Discovery Service service depends on the DHCP Client service which failed to start because of the following error: 
The service cannot be started, either because it is disabled or because it has no enabled devices associated with it."
Error,28/06/2019 3:07:47 AM,Microsoft-Windows-DistributedCOM,10005,None,"DCOM got error ""1068"" attempting to start the service netprofm with arguments ""Unavailable"" in order to run the server:
{A47979D2-C419-11D9-A5B4-001185AD2B89}"
Error,28/06/2019 3:07:47 AM,Service Control Manager,7001,None,"The Network List Service service depends on the Network Location Awareness service which failed to start because of the following error: 
The dependency service or group failed to start."
Error,28/06/2019 3:07:47 AM,Service Control Manager,7001,None,"The Network Location Awareness service depends on the DHCP Client service which failed to start because of the following error: 
The service cannot be started, either because it is disabled or because it has no enabled devices associated with it."
Error,28/06/2019 3:07:47 AM,Service Control Manager,7001,None,"The WinHTTP Web Proxy Auto-Discovery Service service depends on the DHCP Client service which failed to start because of the following error: 
The service cannot be started, either because it is disabled or because it has no enabled devices associated with it."
Error,28/06/2019 3:05:41 AM,Service Control Manager,7001,None,"The WinHTTP Web Proxy Auto-Discovery Service service depends on the DHCP Client service which failed to start because of the following error: 
The service cannot be started, either because it is disabled or because it has no enabled devices associated with it."
Error,28/06/2019 3:05:41 AM,Microsoft-Windows-DistributedCOM,10005,None,"DCOM got error ""1068"" attempting to start the service netprofm with arguments ""Unavailable"" in order to run the server:
{A47979D2-C419-11D9-A5B4-001185AD2B89}"
Error,28/06/2019 3:05:41 AM,Service Control Manager,7001,None,"The Network List Service service depends on the Network Location Awareness service which failed to start because of the following error: 
The dependency service or group failed to start."
Error,28/06/2019 3:05:41 AM,Service Control Manager,7001,None,"The Network Location Awareness service depends on the DHCP Client service which failed to start because of the following error: 
The service cannot be started, either because it is disabled or because it has no enabled devices associated with it."
Error,28/06/2019 3:05:29 AM,Service Control Manager,7001,None,"The WinHTTP Web Proxy Auto-Discovery Service service depends on the DHCP Client service which failed to start because of the following error: 
The service cannot be started, either because it is disabled or because it has no enabled devices associated with it."
Error,28/06/2019 3:05:29 AM,Microsoft-Windows-DistributedCOM,10005,None,"DCOM got error ""1068"" attempting to start the service netprofm with arguments ""Unavailable"" in order to run the server:
{A47979D2-C419-11D9-A5B4-001185AD2B89}"
Error,28/06/2019 3:05:29 AM,Service Control Manager,7001,None,"The Network List Service service depends on the Network Location Awareness service which failed to start because of the following error: 
The dependency service or group failed to start."
Error,28/06/2019 3:05:29 AM,Service Control Manager,7001,None,"The Network Location Awareness service depends on the DHCP Client service which failed to start because of the following error: 
The service cannot be started, either because it is disabled or because it has no enabled devices associated with it."
Error,28/06/2019 3:04:26 AM,Service Control Manager,7001,None,"The WinHTTP Web Proxy Auto-Discovery Service service depends on the DHCP Client service which failed to start because of the following error: 
The service cannot be started, either because it is disabled or because it has no enabled devices associated with it."
Error,28/06/2019 3:04:26 AM,Microsoft-Windows-DistributedCOM,10005,None,"DCOM got error ""1068"" attempting to start the service netprofm with arguments ""Unavailable"" in order to run the server:
{A47979D2-C419-11D9-A5B4-001185AD2B89}"
Error,28/06/2019 3:04:26 AM,Service Control Manager,7001,None,"The Network List Service service depends on the Network Location Awareness service which failed to start because of the following error: 
The dependency service or group failed to start."
Error,28/06/2019 3:04:26 AM,Service Control Manager,7001,None,"The Network Location Awareness service depends on the DHCP Client service which failed to start because of the following error: 
The service cannot be started, either because it is disabled or because it has no enabled devices associated with it."
Error,28/06/2019 2:56:48 AM,Service Control Manager,7001,None,"The WinHTTP Web Proxy Auto-Discovery Service service depends on the DHCP Client service which failed to start because of the following error: 
The service cannot be started, either because it is disabled or because it has no enabled devices associated with it."
Error,28/06/2019 2:55:18 AM,Service Control Manager,7001,None,"The WinHTTP Web Proxy Auto-Discovery Service service depends on the DHCP Client service which failed to start because of the following error: 
The service cannot be started, either because it is disabled or because it has no enabled devices associated with it."
Error,28/06/2019 2:53:12 AM,Service Control Manager,7001,None,"The WinHTTP Web Proxy Auto-Discovery Service service depends on the DHCP Client service which failed to start because of the following error: 
The service cannot be started, either because it is disabled or because it has no enabled devices associated with it."
Error,28/06/2019 2:53:12 AM,Microsoft-Windows-DistributedCOM,10005,None,"DCOM got error ""1068"" attempting to start the service netprofm with arguments ""Unavailable"" in order to run the server:
{A47979D2-C419-11D9-A5B4-001185AD2B89}"
Error,28/06/2019 2:53:12 AM,Service Control Manager,7001,None,"The Network List Service service depends on the Network Location Awareness service which failed to start because of the following error: 
The dependency service or group failed to start."
Error,28/06/2019 2:53:12 AM,Service Control Manager,7001,None,"The Network Location Awareness service depends on the DHCP Client service which failed to start because of the following error: 
The service cannot be started, either because it is disabled or because it has no enabled devices associated with it."
Error,28/06/2019 2:53:12 AM,Service Control Manager,7001,None,"The WinHTTP Web Proxy Auto-Discovery Service service depends on the DHCP Client service which failed to start because of the following error: 
The service cannot be started, either because it is disabled or because it has no enabled devices associated with it."
Error,28/06/2019 2:52:09 AM,Service Control Manager,7001,None,"The WinHTTP Web Proxy Auto-Discovery Service service depends on the DHCP Client service which failed to start because of the following error: 
The service cannot be started, either because it is disabled or because it has no enabled devices associated with it."
Error,28/06/2019 2:52:09 AM,Microsoft-Windows-DistributedCOM,10005,None,"DCOM got error ""1068"" attempting to start the service netprofm with arguments ""Unavailable"" in order to run the server:
{A47979D2-C419-11D9-A5B4-001185AD2B89}"
Error,28/06/2019 2:52:09 AM,Service Control Manager,7001,None,"The Network List Service service depends on the Network Location Awareness service which failed to start because of the following error: 
The dependency service or group failed to start."
Error,28/06/2019 2:52:09 AM,Service Control Manager,7001,None,"The Network Location Awareness service depends on the DHCP Client service which failed to start because of the following error: 
The service cannot be started, either because it is disabled or because it has no enabled devices associated with it."
Error,28/06/2019 2:41:38 AM,Service Control Manager,7001,None,"The WinHTTP Web Proxy Auto-Discovery Service service depends on the DHCP Client service which failed to start because of the following error: 
The service cannot be started, either because it is disabled or because it has no enabled devices associated with it."
Error,28/06/2019 2:37:38 AM,Service Control Manager,7001,None,"The WinHTTP Web Proxy Auto-Discovery Service service depends on the DHCP Client service which failed to start because of the following error: 
The service cannot be started, either because it is disabled or because it has no enabled devices associated with it."
Error,28/06/2019 2:37:38 AM,Microsoft-Windows-DistributedCOM,10005,None,"DCOM got error ""1068"" attempting to start the service netprofm with arguments ""Unavailable"" in order to run the server:
{A47979D2-C419-11D9-A5B4-001185AD2B89}"
Error,28/06/2019 2:37:38 AM,Service Control Manager,7001,None,"The Network List Service service depends on the Network Location Awareness service which failed to start because of the following error: 
The dependency service or group failed to start."
Error,28/06/2019 2:37:38 AM,Service Control Manager,7001,None,"The Network Location Awareness service depends on the DHCP Client service which failed to start because of the following error: 
The service cannot be started, either because it is disabled or because it has no enabled devices associated with it."
Error,28/06/2019 2:35:32 AM,Service Control Manager,7001,None,"The WinHTTP Web Proxy Auto-Discovery Service service depends on the DHCP Client service which failed to start because of the following error: 
The service cannot be started, either because it is disabled or because it has no enabled devices associated with it."
Error,28/06/2019 2:35:32 AM,Microsoft-Windows-DistributedCOM,10005,None,"DCOM got error ""1068"" attempting to start the service netprofm with arguments ""Unavailable"" in order to run the server:
{A47979D2-C419-11D9-A5B4-001185AD2B89}"
Error,28/06/2019 2:35:32 AM,Service Control Manager,7001,None,"The Network List Service service depends on the Network Location Awareness service which failed to start because of the following error: 
The dependency service or group failed to start."
Error,28/06/2019 2:35:32 AM,Service Control Manager,7001,None,"The Network Location Awareness service depends on the DHCP Client service which failed to start because of the following error: 
The service cannot be started, either because it is disabled or because it has no enabled devices associated with it."
Error,28/06/2019 2:32:25 AM,Service Control Manager,7001,None,"The WinHTTP Web Proxy Auto-Discovery Service service depends on the DHCP Client service which failed to start because of the following error: 
The service cannot be started, either because it is disabled or because it has no enabled devices associated with it."
Error,28/06/2019 2:31:21 AM,Service Control Manager,7001,None,"The WinHTTP Web Proxy Auto-Discovery Service service depends on the DHCP Client service which failed to start because of the following error: 
The service cannot be started, either because it is disabled or because it has no enabled devices associated with it."
Error,28/06/2019 2:31:21 AM,Microsoft-Windows-DistributedCOM,10005,None,"DCOM got error ""1068"" attempting to start the service netprofm with arguments ""Unavailable"" in order to run the server:
{A47979D2-C419-11D9-A5B4-001185AD2B89}"
Error,28/06/2019 2:31:21 AM,Service Control Manager,7001,None,"The Network List Service service depends on the Network Location Awareness service which failed to start because of the following error: 
The dependency service or group failed to start."
Error,28/06/2019 2:31:21 AM,Service Control Manager,7001,None,"The Network Location Awareness service depends on the DHCP Client service which failed to start because of the following error: 
The service cannot be started, either because it is disabled or because it has no enabled devices associated with it."
Error,28/06/2019 2:26:28 AM,Service Control Manager,7001,None,"The WinHTTP Web Proxy Auto-Discovery Service service depends on the DHCP Client service which failed to start because of the following error: 
The service cannot be started, either because it is disabled or because it has no enabled devices associated with it."
Error,28/06/2019 2:19:25 AM,Service Control Manager,7001,None,"The WinHTTP Web Proxy Auto-Discovery Service service depends on the DHCP Client service which failed to start because of the following error: 
The service cannot be started, either because it is disabled or because it has no enabled devices associated with it."
Error,28/06/2019 2:19:25 AM,Microsoft-Windows-DistributedCOM,10005,None,"DCOM got error ""1068"" attempting to start the service netprofm with arguments ""Unavailable"" in order to run the server:
{A47979D2-C419-11D9-A5B4-001185AD2B89}"
Error,28/06/2019 2:19:25 AM,Service Control Manager,7001,None,"The Network List Service service depends on the Network Location Awareness service which failed to start because of the following error: 
The dependency service or group failed to start."
Error,28/06/2019 2:19:25 AM,Service Control Manager,7001,None,"The Network Location Awareness service depends on the DHCP Client service which failed to start because of the following error: 
The service cannot be started, either because it is disabled or because it has no enabled devices associated with it."
Error,28/06/2019 2:18:22 AM,Service Control Manager,7001,None,"The WinHTTP Web Proxy Auto-Discovery Service service depends on the DHCP Client service which failed to start because of the following error: 
The service cannot be started, either because it is disabled or because it has no enabled devices associated with it."
Error,28/06/2019 2:18:22 AM,Microsoft-Windows-DistributedCOM,10005,None,"DCOM got error ""1068"" attempting to start the service netprofm with arguments ""Unavailable"" in order to run the server:
{A47979D2-C419-11D9-A5B4-001185AD2B89}"
Error,28/06/2019 2:18:22 AM,Service Control Manager,7001,None,"The Network List Service service depends on the Network Location Awareness service which failed to start because of the following error: 
The dependency service or group failed to start."
Error,28/06/2019 2:18:22 AM,Service Control Manager,7001,None,"The Network Location Awareness service depends on the DHCP Client service which failed to start because of the following error: 
The service cannot be started, either because it is disabled or because it has no enabled devices associated with it."
Error,28/06/2019 2:11:18 AM,Service Control Manager,7001,None,"The WinHTTP Web Proxy Auto-Discovery Service service depends on the DHCP Client service which failed to start because of the following error: 
The service cannot be started, either because it is disabled or because it has no enabled devices associated with it."
Error,28/06/2019 2:02:25 AM,Service Control Manager,7001,None,"The WinHTTP Web Proxy Auto-Discovery Service service depends on the DHCP Client service which failed to start because of the following error: 
The service cannot be started, either because it is disabled or because it has no enabled devices associated with it."
Error,28/06/2019 2:01:21 AM,Service Control Manager,7001,None,"The WinHTTP Web Proxy Auto-Discovery Service service depends on the DHCP Client service which failed to start because of the following error: 
The service cannot be started, either because it is disabled or because it has no enabled devices associated with it."
Error,28/06/2019 2:01:21 AM,Microsoft-Windows-DistributedCOM,10005,None,"DCOM got error ""1068"" attempting to start the service netprofm with arguments ""Unavailable"" in order to run the server:
{A47979D2-C419-11D9-A5B4-001185AD2B89}"
Error,28/06/2019 2:01:21 AM,Service Control Manager,7001,None,"The Network List Service service depends on the Network Location Awareness service which failed to start because of the following error: 
The dependency service or group failed to start."
Error,28/06/2019 2:01:21 AM,Service Control Manager,7001,None,"The Network Location Awareness service depends on the DHCP Client service which failed to start because of the following error: 
The service cannot be started, either because it is disabled or because it has no enabled devices associated with it."
Error,28/06/2019 1:56:08 AM,Service Control Manager,7001,None,"The WinHTTP Web Proxy Auto-Discovery Service service depends on the DHCP Client service which failed to start because of the following error: 
The service cannot be started, either because it is disabled or because it has no enabled devices associated with it."
Error,28/06/2019 1:43:35 AM,Microsoft-Windows-DistributedCOM,10005,None,"DCOM got error ""1068"" attempting to start the service netprofm with arguments ""Unavailable"" in order to run the server:
{A47979D2-C419-11D9-A5B4-001185AD2B89}"
Error,28/06/2019 1:43:35 AM,Service Control Manager,7001,None,"The Network List Service service depends on the Network Location Awareness service which failed to start because of the following error: 
The dependency service or group failed to start."
Error,28/06/2019 1:43:35 AM,Service Control Manager,7001,None,"The Network Location Awareness service depends on the DHCP Client service which failed to start because of the following error: 
The service cannot be started, either because it is disabled or because it has no enabled devices associated with it."
Error,28/06/2019 1:40:58 AM,Service Control Manager,7001,None,"The WinHTTP Web Proxy Auto-Discovery Service service depends on the DHCP Client service which failed to start because of the following error: 
The service cannot be started, either because it is disabled or because it has no enabled devices associated with it."
Error,28/06/2019 1:34:19 AM,Service Control Manager,7001,None,"The WinHTTP Web Proxy Auto-Discovery Service service depends on the DHCP Client service which failed to start because of the following error: 
The service cannot be started, either because it is disabled or because it has no enabled devices associated with it."
Error,28/06/2019 1:33:21 AM,Service Control Manager,7001,None,"The WinHTTP Web Proxy Auto-Discovery Service service depends on the DHCP Client service which failed to start because of the following error: 
The service cannot be started, either because it is disabled or because it has no enabled devices associated with it."
Error,28/06/2019 1:33:21 AM,Microsoft-Windows-DistributedCOM,10005,None,"DCOM got error ""1068"" attempting to start the service netprofm with arguments ""Unavailable"" in order to run the server:
{A47979D2-C419-11D9-A5B4-001185AD2B89}"
Error,28/06/2019 1:33:21 AM,Service Control Manager,7001,None,"The Network List Service service depends on the Network Location Awareness service which failed to start because of the following error: 
The dependency service or group failed to start."
Error,28/06/2019 1:33:21 AM,Service Control Manager,7001,None,"The Network Location Awareness service depends on the DHCP Client service which failed to start because of the following error: 
The service cannot be started, either because it is disabled or because it has no enabled devices associated with it."
Error,28/06/2019 1:32:13 AM,Service Control Manager,7001,None,"The WinHTTP Web Proxy Auto-Discovery Service service depends on the DHCP Client service which failed to start because of the following error: 
The service cannot be started, either because it is disabled or because it has no enabled devices associated with it."
Error,28/06/2019 1:32:13 AM,Microsoft-Windows-DistributedCOM,10005,None,"DCOM got error ""1068"" attempting to start the service netprofm with arguments ""Unavailable"" in order to run the server:
{A47979D2-C419-11D9-A5B4-001185AD2B89}"
Error,28/06/2019 1:32:13 AM,Service Control Manager,7001,None,"The Network List Service service depends on the Network Location Awareness service which failed to start because of the following error: 
The dependency service or group failed to start."
Error,28/06/2019 1:32:13 AM,Service Control Manager,7001,None,"The Network Location Awareness service depends on the DHCP Client service which failed to start because of the following error: 
The service cannot be started, either because it is disabled or because it has no enabled devices associated with it."
Error,28/06/2019 1:32:13 AM,Service Control Manager,7001,None,"The WinHTTP Web Proxy Auto-Discovery Service service depends on the DHCP Client service which failed to start because of the following error: 
The service cannot be started, either because it is disabled or because it has no enabled devices associated with it."
Error,28/06/2019 1:31:15 AM,Microsoft-Windows-DistributedCOM,10005,None,"DCOM got error ""1068"" attempting to start the service netprofm with arguments ""Unavailable"" in order to run the server:
{A47979D2-C419-11D9-A5B4-001185AD2B89}"
Error,28/06/2019 1:31:15 AM,Service Control Manager,7001,None,"The Network List Service service depends on the Network Location Awareness service which failed to start because of the following error: 
The dependency service or group failed to start."
Error,28/06/2019 1:31:15 AM,Service Control Manager,7001,None,"The Network Location Awareness service depends on the DHCP Client service which failed to start because of the following error: 
The service cannot be started, either because it is disabled or because it has no enabled devices associated with it."
Error,28/06/2019 1:31:09 AM,Service Control Manager,7001,None,"The WinHTTP Web Proxy Auto-Discovery Service service depends on the DHCP Client service which failed to start because of the following error: 
The service cannot be started, either because it is disabled or because it has no enabled devices associated with it."
Error,28/06/2019 1:31:09 AM,Microsoft-Windows-DistributedCOM,10005,None,"DCOM got error ""1068"" attempting to start the service netprofm with arguments ""Unavailable"" in order to run the server:
{A47979D2-C419-11D9-A5B4-001185AD2B89}"
Error,28/06/2019 1:31:09 AM,Service Control Manager,7001,None,"The Network List Service service depends on the Network Location Awareness service which failed to start because of the following error: 
The dependency service or group failed to start."
Error,28/06/2019 1:31:09 AM,Service Control Manager,7001,None,"The Network Location Awareness service depends on the DHCP Client service which failed to start because of the following error: 
The service cannot be started, either because it is disabled or because it has no enabled devices associated with it."
Error,28/06/2019 1:31:08 AM,Service Control Manager,7001,None,"The WinHTTP Web Proxy Auto-Discovery Service service depends on the DHCP Client service which failed to start because of the following error: 
The service cannot be started, either because it is disabled or because it has no enabled devices associated with it."
Error,28/06/2019 1:25:48 AM,Service Control Manager,7001,None,"The WinHTTP Web Proxy Auto-Discovery Service service depends on the DHCP Client service which failed to start because of the following error: 
The service cannot be started, either because it is disabled or because it has no enabled devices associated with it."
Error,28/06/2019 1:10:38 AM,Service Control Manager,7001,None,"The WinHTTP Web Proxy Auto-Discovery Service service depends on the DHCP Client service which failed to start because of the following error: 
The service cannot be started, either because it is disabled or because it has no enabled devices associated with it."
