﻿System Name,User Name,Threat Target IP address,Event Generated Time,Action Taken,Threat Severity,Threat Handled,Threat Name,Day
LTSBKP-53-02,20041939e,10.9.201.15,6/14/19 4:10:17 PM IST,Blocked,Critical,True,Modifying core Windows processes,17-06-2019
LTSBKP-53-02,20041939e,10.9.201.15,6/14/19 4:10:49 PM IST,Blocked,Critical,True,Modifying core Windows processes,17-06-2019
LTSBKP-53-02,20041939e,10.9.201.15,6/14/19 4:05:57 PM IST,Blocked,Critical,True,Modifying core Windows processes,17-06-2019
LTSBKP-AD-116,20158556,10.9.117.251,6/14/19 5:40:12 PM IST,Blocked,Critical,True,Modifying core Windows processes,17-06-2019
