"HostName","TaskName","Next Run Time","Status","Logon Mode","Last Run Time","Last Result","Author","Task To Run","Start In","Comment","Scheduled Task State","Idle Time","Power Management","Run As User","Delete Task If Not Rescheduled","Stop Task If Runs X Hours and X Mins","Schedule","Schedule Type","Start Time","Start Date","End Date","Days","Months","Repeat: Every","Repeat: Until: Time","Repeat: Until: Duration","Repeat: Stop If Still Running"
"CHVSLTSBRPA","\Adobe Acrobat Update Task","28/06/2019 11:00:00 AM","Ready","Interactive/Background","28/06/2019 6:39:49 AM","0","Adobe Systems Incorporated","C:\Program Files (x86)\Common Files\Adobe\ARM\1.0\AdobeARM.exe ","N/A","This task keeps your Adobe Reader and Acrobat applications up to date with the latest enhancements and security fixes","Enabled","Disabled","Stop On Battery Mode, No Start On Batteries","INTERACTIVE","Disabled","72:00:00","Scheduling data is not available in this format.","At logon time","N/A","N/A","N/A","N/A","N/A","N/A","N/A","N/A","N/A"
"CHVSLTSBRPA","\Adobe Acrobat Update Task","28/06/2019 11:00:00 AM","Ready","Interactive/Background","28/06/2019 6:39:49 AM","0","Adobe Systems Incorporated","C:\Program Files (x86)\Common Files\Adobe\ARM\1.0\AdobeARM.exe ","N/A","This task keeps your Adobe Reader and Acrobat applications up to date with the latest enhancements and security fixes","Enabled","Disabled","Stop On Battery Mode, No Start On Batteries","INTERACTIVE","Disabled","72:00:00","Scheduling data is not available in this format.","Daily ","11:00:00 AM","01/01/2013","02/05/2027","Every 1 day(s)","N/A","Disabled","Disabled","Disabled","Disabled"
"HostName","TaskName","Next Run Time","Status","Logon Mode","Last Run Time","Last Result","Author","Task To Run","Start In","Comment","Scheduled Task State","Idle Time","Power Management","Run As User","Delete Task If Not Rescheduled","Stop Task If Runs X Hours and X Mins","Schedule","Schedule Type","Start Time","Start Date","End Date","Days","Months","Repeat: Every","Repeat: Until: Time","Repeat: Until: Duration","Repeat: Stop If Still Running"
"HostName","TaskName","Next Run Time","Status","Logon Mode","Last Run Time","Last Result","Author","Task To Run","Start In","Comment","Scheduled Task State","Idle Time","Power Management","Run As User","Delete Task If Not Rescheduled","Stop Task If Runs X Hours and X Mins","Schedule","Schedule Type","Start Time","Start Date","End Date","Days","Months","Repeat: Every","Repeat: Until: Time","Repeat: Until: Duration","Repeat: Stop If Still Running"
"HostName","TaskName","Next Run Time","Status","Logon Mode","Last Run Time","Last Result","Author","Task To Run","Start In","Comment","Scheduled Task State","Idle Time","Power Management","Run As User","Delete Task If Not Rescheduled","Stop Task If Runs X Hours and X Mins","Schedule","Schedule Type","Start Time","Start Date","End Date","Days","Months","Repeat: Every","Repeat: Until: Time","Repeat: Until: Duration","Repeat: Stop If Still Running"
"HostName","TaskName","Next Run Time","Status","Logon Mode","Last Run Time","Last Result","Author","Task To Run","Start In","Comment","Scheduled Task State","Idle Time","Power Management","Run As User","Delete Task If Not Rescheduled","Stop Task If Runs X Hours and X Mins","Schedule","Schedule Type","Start Time","Start Date","End Date","Days","Months","Repeat: Every","Repeat: Until: Time","Repeat: Until: Duration","Repeat: Stop If Still Running"
"CHVSLTSBRPA","\Microsoft\Configuration Manager\Configuration Manager Health Evaluation","N/A","Ready","Interactive/Background","25/06/2019 2:00:38 AM","0","Microsoft","C:\Windows\CCM\ccmeval.exe ","N/A","N/A","Enabled","Disabled","","SYSTEM","Disabled","72:00:00","Scheduling data is not available in this format.","On demand only","N/A","N/A","N/A","N/A","N/A","N/A","N/A","N/A","N/A"
"HostName","TaskName","Next Run Time","Status","Logon Mode","Last Run Time","Last Result","Author","Task To Run","Start In","Comment","Scheduled Task State","Idle Time","Power Management","Run As User","Delete Task If Not Rescheduled","Stop Task If Runs X Hours and X Mins","Schedule","Schedule Type","Start Time","Start Date","End Date","Days","Months","Repeat: Every","Repeat: Until: Time","Repeat: Until: Duration","Repeat: Stop If Still Running"
"CHVSLTSBRPA","\Microsoft\Office\Office 15 Subscription Heartbeat","29/06/2019 4:45:52 AM","Ready","Interactive/Background","28/06/2019 5:10:03 AM","0","Microsoft Office","%ProgramFiles%\Common Files\Microsoft Shared\Office15\OLicenseHeartbeat.exe ","N/A","Task used to ensure that the Microsoft Office Subscription licensing is current.","Enabled","Disabled","Stop On Battery Mode","SYSTEM","Disabled","04:00:00","Scheduling data is not available in this format.","Daily ","12:00:00 AM","01/01/2010","N/A","Every 1 day(s)","N/A","Disabled","Disabled","Disabled","Disabled"
"CHVSLTSBRPA","\Microsoft\Office\OfficeTelemetryAgentFallBack","N/A","Ready","Interactive/Background","28/06/2019 12:27:49 AM","0","N/A",""C:\Program Files\Microsoft Office\Office15\msoia.exe" scan upload mininterval:2880","N/A","This task initiates the background task for Office Telemetry Agent, which scans and uploads usage and error information for Office solutions.","Enabled","Disabled","","Users","Disabled","Disabled","Scheduling data is not available in this format.","At logon time","N/A","N/A","N/A","N/A","N/A","N/A","N/A","N/A","N/A"
"CHVSLTSBRPA","\Microsoft\Office\OfficeTelemetryAgentLogOn","N/A","Ready","Interactive/Background","28/06/2019 3:57:49 AM","0","N/A",""C:\Program Files\Microsoft Office\Office15\msoia.exe" scan upload","N/A","This task initiates Office Telemetry Agent, which scans and uploads usage and error information for Office solutions when a user logs on to the computer.","Enabled","Disabled","Stop On Battery Mode, No Start On Batteries","Users","Disabled","Disabled","Scheduling data is not available in this format.","At logon time","N/A","N/A","N/A","N/A","N/A","N/A","N/A","N/A","N/A"
"HostName","TaskName","Next Run Time","Status","Logon Mode","Last Run Time","Last Result","Author","Task To Run","Start In","Comment","Scheduled Task State","Idle Time","Power Management","Run As User","Delete Task If Not Rescheduled","Stop Task If Runs X Hours and X Mins","Schedule","Schedule Type","Start Time","Start Date","End Date","Days","Months","Repeat: Every","Repeat: Until: Time","Repeat: Until: Duration","Repeat: Stop If Still Running"
"HostName","TaskName","Next Run Time","Status","Logon Mode","Last Run Time","Last Result","Author","Task To Run","Start In","Comment","Scheduled Task State","Idle Time","Power Management","Run As User","Delete Task If Not Rescheduled","Stop Task If Runs X Hours and X Mins","Schedule","Schedule Type","Start Time","Start Date","End Date","Days","Months","Repeat: Every","Repeat: Until: Time","Repeat: Until: Duration","Repeat: Stop If Still Running"
"CHVSLTSBRPA","\Microsoft\Windows\.NET Framework\.NET Framework NGEN v4.0.30319","N/A","Ready","Interactive/Background","03/06/2019 3:08:11 PM","0","N/A","COM handler","N/A","N/A","Enabled","Disabled","Stop On Battery Mode, No Start On Batteries","SYSTEM","Disabled","02:00:00","Scheduling data is not available in this format.","On demand only","N/A","N/A","N/A","N/A","N/A","N/A","N/A","N/A","N/A"
"CHVSLTSBRPA","\Microsoft\Windows\.NET Framework\.NET Framework NGEN v4.0.30319 64","N/A","Ready","Interactive/Background","03/06/2019 3:08:11 PM","0","N/A","COM handler","N/A","N/A","Enabled","Disabled","Stop On Battery Mode, No Start On Batteries","SYSTEM","Disabled","02:00:00","Scheduling data is not available in this format.","On demand only","N/A","N/A","N/A","N/A","N/A","N/A","N/A","N/A","N/A"
"CHVSLTSBRPA","\Microsoft\Windows\.NET Framework\.NET Framework NGEN v4.0.30319 64 Critical","N/A","Disabled","Interactive/Background","13/07/2017 4:57:56 PM","0","N/A","COM handler","N/A","N/A","Disabled","Disabled","","SYSTEM","Disabled","02:00:00","Scheduling data is not available in this format.","At idle time","N/A","N/A","N/A","N/A","N/A","N/A","N/A","N/A","N/A"
"CHVSLTSBRPA","\Microsoft\Windows\.NET Framework\.NET Framework NGEN v4.0.30319 Critical","N/A","Disabled","Interactive/Background","13/07/2017 4:57:56 PM","0","N/A","COM handler","N/A","N/A","Disabled","Disabled","","SYSTEM","Disabled","02:00:00","Scheduling data is not available in this format.","At idle time","N/A","N/A","N/A","N/A","N/A","N/A","N/A","N/A","N/A"
"HostName","TaskName","Next Run Time","Status","Logon Mode","Last Run Time","Last Result","Author","Task To Run","Start In","Comment","Scheduled Task State","Idle Time","Power Management","Run As User","Delete Task If Not Rescheduled","Stop Task If Runs X Hours and X Mins","Schedule","Schedule Type","Start Time","Start Date","End Date","Days","Months","Repeat: Every","Repeat: Until: Time","Repeat: Until: Duration","Repeat: Stop If Still Running"
"CHVSLTSBRPA","\Microsoft\Windows\Active Directory Rights Management Services Client\AD RMS Rights Policy Template Management (Automated)","N/A","Disabled","Interactive/Background","30/11/1999 12:00:00 AM","267011","Microsoft Corporation","COM handler","N/A","Updates the AD RMS rights policy templates for the user. This job does not provide a credential prompt if authentication to the template distribution web service on the server fails. In this case, it fails silently.","Disabled","Disabled","","Everyone","Disabled","01:00:00","Scheduling data is not available in this format.","Daily ","3:00:00 AM","09/11/2006","N/A","Every 1 day(s)","N/A","Disabled","Disabled","Disabled","Disabled"
"CHVSLTSBRPA","\Microsoft\Windows\Active Directory Rights Management Services Client\AD RMS Rights Policy Template Management (Automated)","N/A","Disabled","Interactive/Background","30/11/1999 12:00:00 AM","267011","Microsoft Corporation","COM handler","N/A","Updates the AD RMS rights policy templates for the user. This job does not provide a credential prompt if authentication to the template distribution web service on the server fails. In this case, it fails silently.","Disabled","Disabled","","Everyone","Disabled","01:00:00","Scheduling data is not available in this format.","At logon time","N/A","N/A","N/A","N/A","N/A","N/A","N/A","N/A","N/A"
"CHVSLTSBRPA","\Microsoft\Windows\Active Directory Rights Management Services Client\AD RMS Rights Policy Template Management (Manual)","N/A","Ready","Interactive/Background","30/11/1999 12:00:00 AM","267011","Microsoft Corporation","COM handler","N/A","Updates the AD RMS rights policy templates for the user. This job provides a credential prompt if authentication to the template distribution web service on the server fails.","Enabled","Disabled","Stop On Battery Mode, No Start On Batteries","Everyone","Disabled","01:00:00","Scheduling data is not available in this format.","At logon time","N/A","N/A","N/A","N/A","N/A","N/A","N/A","N/A","N/A"
"HostName","TaskName","Next Run Time","Status","Logon Mode","Last Run Time","Last Result","Author","Task To Run","Start In","Comment","Scheduled Task State","Idle Time","Power Management","Run As User","Delete Task If Not Rescheduled","Stop Task If Runs X Hours and X Mins","Schedule","Schedule Type","Start Time","Start Date","End Date","Days","Months","Repeat: Every","Repeat: Until: Time","Repeat: Until: Duration","Repeat: Stop If Still Running"
"CHVSLTSBRPA","\Microsoft\Windows\AppID\PolicyConverter","N/A","Disabled","Interactive/Background","30/11/1999 12:00:00 AM","267011","Microsoft Corporation","%windir%\system32\appidpolicyconverter.exe ","N/A","Converts the software restriction policies policy from XML into binary format.","Disabled","Disabled","","SYSTEM","Disabled","72:00:00","Scheduling data is not available in this format.","On demand only","N/A","N/A","N/A","N/A","N/A","N/A","N/A","N/A","N/A"
"CHVSLTSBRPA","\Microsoft\Windows\AppID\SmartScreenSpecific","N/A","Ready","Interactive/Background","11/06/2019 12:27:49 PM","0","Microsoft Corporation","COM handler","N/A","Task that collects data for SmartScreen in Windows","Enabled","Only Start If Idle for  minutes, If Not Idle Retry For 60 minutes Stop the task if Idle State end","Stop On Battery Mode, No Start On Batteries","SYSTEM","Disabled","72:00:00","Scheduling data is not available in this format.","At logon time","N/A","N/A","N/A","N/A","N/A","N/A","N/A","N/A","N/A"
"CHVSLTSBRPA","\Microsoft\Windows\AppID\VerifiedPublisherCertStoreCheck","N/A","Disabled","Interactive/Background","30/11/1999 12:00:00 AM","267011","Microsoft Corporation","%windir%\system32\appidcertstorecheck.exe ","N/A","Inspects the AppID certificate cache for invalid or revoked certificates.","Disabled","Only Start If Idle for 3 minutes, If Not Idle Retry For 1380 minutes Stop the task if Idle State end","Stop On Battery Mode, No Start On Batteries","LOCAL SERVICE","Disabled","72:00:00","Scheduling data is not available in this format.","At system start up","N/A","N/A","N/A","N/A","N/A","N/A","N/A","N/A","N/A"
"HostName","TaskName","Next Run Time","Status","Logon Mode","Last Run Time","Last Result","Author","Task To Run","Start In","Comment","Scheduled Task State","Idle Time","Power Management","Run As User","Delete Task If Not Rescheduled","Stop Task If Runs X Hours and X Mins","Schedule","Schedule Type","Start Time","Start Date","End Date","Days","Months","Repeat: Every","Repeat: Until: Time","Repeat: Until: Duration","Repeat: Stop If Still Running"
"CHVSLTSBRPA","\Microsoft\Windows\Application Experience\Microsoft Compatibility Appraiser","29/06/2019 3:32:40 AM","Ready","Interactive/Background","28/06/2019 3:20:18 AM","0","Microsoft Corporation","%windir%\system32\compattelrunner.exe ","N/A","Collects program telemetry information if opted-in to the Microsoft Customer Experience Improvement Program.","Enabled","Disabled","","SYSTEM","Disabled","96:00:00","Scheduling data is not available in this format.","One Time Only, Hourly ","3:00:00 AM","01/09/2008","N/A","N/A","N/A","24 Hour(s), 0 Minute(s)","None","Disabled","Disabled"
"CHVSLTSBRPA","\Microsoft\Windows\Application Experience\Microsoft Compatibility Appraiser","29/06/2019 3:32:33 AM","Ready","Interactive/Background","28/06/2019 3:20:18 AM","0","Microsoft Corporation","%windir%\system32\compattelrunner.exe ","N/A","Collects program telemetry information if opted-in to the Microsoft Customer Experience Improvement Program.","Enabled","Disabled","","SYSTEM","Disabled","96:00:00","Scheduling data is not available in this format.","Undefined","N/A","N/A","N/A","N/A","N/A","N/A","N/A","N/A","N/A"
"CHVSLTSBRPA","\Microsoft\Windows\Application Experience\ProgramDataUpdater","N/A","Ready","Interactive/Background","03/06/2019 3:08:11 PM","0","$(@%SystemRoot%\system32\invagent.dll,-701)","%windir%\system32\compattelrunner.exe -maintenance","N/A","$(@%SystemRoot%\system32\invagent.dll,-702)","Enabled","Disabled","Stop On Battery Mode, No Start On Batteries","SYSTEM","Disabled","72:00:00","Scheduling data is not available in this format.","On demand only","N/A","N/A","N/A","N/A","N/A","N/A","N/A","N/A","N/A"
"CHVSLTSBRPA","\Microsoft\Windows\Application Experience\StartupAppTask","N/A","Ready","Interactive/Background","29/11/2018 7:13:18 PM","0","Microsoft Corporation","%windir%\system32\rundll32.exe Startupscan.dll,SusRunTask","N/A","Scans startup entries and raises notification to the user if there are too many startup entries.","Enabled","Disabled","Stop On Battery Mode, No Start On Batteries","INTERACTIVE","Disabled","72:00:00","Scheduling data is not available in this format.","On demand only","N/A","N/A","N/A","N/A","N/A","N/A","N/A","N/A","N/A"
"HostName","TaskName","Next Run Time","Status","Logon Mode","Last Run Time","Last Result","Author","Task To Run","Start In","Comment","Scheduled Task State","Idle Time","Power Management","Run As User","Delete Task If Not Rescheduled","Stop Task If Runs X Hours and X Mins","Schedule","Schedule Type","Start Time","Start Date","End Date","Days","Months","Repeat: Every","Repeat: Until: Time","Repeat: Until: Duration","Repeat: Stop If Still Running"
"CHVSLTSBRPA","\Microsoft\Windows\ApplicationData\appuriverifierdaily","29/06/2019 3:00:00 AM","Ready","Interactive/Background","28/06/2019 3:00:01 AM","0","Microsoft Corporation","%windir%\system32\AppHostRegistrationVerifier.exe ","N/A","Verifies AppUriHandler host registrations.","Enabled","Only Start If Idle for 10 minutes, If Not Idle Retry For 60 minutes","Stop On Battery Mode, No Start On Batteries","INTERACTIVE","Disabled","00:15:00","Scheduling data is not available in this format.","Daily ","3:00:00 AM","11/04/2016","N/A","Every 1 day(s)","N/A","Disabled","Disabled","Disabled","Disabled"
"CHVSLTSBRPA","\Microsoft\Windows\ApplicationData\appuriverifierinstall","29/06/2019 3:00:00 AM","Ready","Interactive/Background","22/06/2019 3:00:01 AM","0","Microsoft Corporation","%windir%\system32\AppHostRegistrationVerifier.exe ","N/A","Verifies AppUriHandler host registrations.","Enabled","Disabled","","INTERACTIVE","Disabled","00:15:00","Scheduling data is not available in this format.","Weekly","3:00:00 AM","11/04/2016","N/A","SAT","Every 1 week(s)","Disabled","Disabled","Disabled","Disabled"
"CHVSLTSBRPA","\Microsoft\Windows\ApplicationData\appuriverifierinstall","29/06/2019 3:00:00 AM","Ready","Interactive/Background","22/06/2019 3:00:01 AM","0","Microsoft Corporation","%windir%\system32\AppHostRegistrationVerifier.exe ","N/A","Verifies AppUriHandler host registrations.","Enabled","Disabled","","INTERACTIVE","Disabled","00:15:00","Scheduling data is not available in this format.","Undefined","N/A","N/A","N/A","N/A","N/A","N/A","N/A","N/A","N/A"
"CHVSLTSBRPA","\Microsoft\Windows\ApplicationData\CleanupTemporaryState","N/A","Ready","Interactive/Background","30/05/2019 6:37:58 PM","0","Microsoft Corporation","%windir%\system32\rundll32.exe Windows.Storage.ApplicationData.dll,CleanupTemporaryState","N/A","Cleans up each package's unused temporary files.","Enabled","Disabled","Stop On Battery Mode, No Start On Batteries","SYSTEM","Disabled","72:00:00","Scheduling data is not available in this format.","On demand only","N/A","N/A","N/A","N/A","N/A","N/A","N/A","N/A","N/A"
"CHVSLTSBRPA","\Microsoft\Windows\ApplicationData\DsSvcCleanup","N/A","Ready","Interactive/Background","03/06/2019 3:08:11 PM","0","Microsoft Corporation","%windir%\system32\dstokenclean.exe ","N/A","Performs maintenance for the Data Sharing Service.","Enabled","Disabled","Stop On Battery Mode, No Start On Batteries","SYSTEM","Disabled","72:00:00","Scheduling data is not available in this format.","On demand only","N/A","N/A","N/A","N/A","N/A","N/A","N/A","N/A","N/A"
"HostName","TaskName","Next Run Time","Status","Logon Mode","Last Run Time","Last Result","Author","Task To Run","Start In","Comment","Scheduled Task State","Idle Time","Power Management","Run As User","Delete Task If Not Rescheduled","Stop Task If Runs X Hours and X Mins","Schedule","Schedule Type","Start Time","Start Date","End Date","Days","Months","Repeat: Every","Repeat: Until: Time","Repeat: Until: Duration","Repeat: Stop If Still Running"
"CHVSLTSBRPA","\Microsoft\Windows\AppxDeploymentClient\Pre-staged app cleanup","N/A","Disabled","Interactive/Background","13/07/2017 5:57:56 PM","0","N/A","%windir%\system32\rundll32.exe %windir%\system32\AppxDeploymentClient.dll,AppxPreStageCleanupRunTask","N/A","N/A","Disabled","Only Start If Idle for 15 minutes, If Not Idle Retry For 15 minutes","Stop On Battery Mode, No Start On Batteries","SYSTEM","Disabled","Disabled","Scheduling data is not available in this format.","At logon time","N/A","N/A","N/A","N/A","N/A","N/A","N/A","N/A","N/A"
"HostName","TaskName","Next Run Time","Status","Logon Mode","Last Run Time","Last Result","Author","Task To Run","Start In","Comment","Scheduled Task State","Idle Time","Power Management","Run As User","Delete Task If Not Rescheduled","Stop Task If Runs X Hours and X Mins","Schedule","Schedule Type","Start Time","Start Date","End Date","Days","Months","Repeat: Every","Repeat: Until: Time","Repeat: Until: Duration","Repeat: Stop If Still Running"
"CHVSLTSBRPA","\Microsoft\Windows\Autochk\Proxy","N/A","Ready","Interactive/Background","03/06/2019 3:38:10 PM","0","Microsoft Corporation","%windir%\system32\rundll32.exe /d acproxy.dll,PerformAutochkOperations","N/A","This task collects and uploads autochk SQM data if opted-in to the Microsoft Customer Experience Improvement Program.","Enabled","Only Start If Idle for 10 minutes, If Not Idle Retry For 525600 minutes","","SYSTEM","Disabled","72:00:00","Scheduling data is not available in this format.","At system start up","N/A","N/A","N/A","N/A","N/A","N/A","N/A","N/A","N/A"
"HostName","TaskName","Next Run Time","Status","Logon Mode","Last Run Time","Last Result","Author","Task To Run","Start In","Comment","Scheduled Task State","Idle Time","Power Management","Run As User","Delete Task If Not Rescheduled","Stop Task If Runs X Hours and X Mins","Schedule","Schedule Type","Start Time","Start Date","End Date","Days","Months","Repeat: Every","Repeat: Until: Time","Repeat: Until: Duration","Repeat: Stop If Still Running"
"CHVSLTSBRPA","\Microsoft\Windows\Bluetooth\UninstallDeviceTask","N/A","Ready","Interactive/Background","30/11/1999 12:00:00 AM","267011","Microsoft","BthUdTask.exe $(Arg0)","N/A","Uninstalls the PnP device associated with the specified Bluetooth service ID","Enabled","Disabled","","SYSTEM","Disabled","72:00:00","Scheduling data is not available in this format.","On demand only","N/A","N/A","N/A","N/A","N/A","N/A","N/A","N/A","N/A"
"HostName","TaskName","Next Run Time","Status","Logon Mode","Last Run Time","Last Result","Author","Task To Run","Start In","Comment","Scheduled Task State","Idle Time","Power Management","Run As User","Delete Task If Not Rescheduled","Stop Task If Runs X Hours and X Mins","Schedule","Schedule Type","Start Time","Start Date","End Date","Days","Months","Repeat: Every","Repeat: Until: Time","Repeat: Until: Duration","Repeat: Stop If Still Running"
"CHVSLTSBRPA","\Microsoft\Windows\CertificateServicesClient\UserTask","N/A","Ready","Interactive/Background","28/06/2019 3:57:49 AM","0","Microsoft Corporation","COM handler","N/A","Certificate Services Client automatically manages digital identities such as Certificates, Keys and Credentials for the users and the machine, enabling enrollment, roaming and other services.","Enabled","Disabled","Stop On Battery Mode","INTERACTIVE","Disabled","Disabled","Scheduling data is not available in this format.","Undefined","N/A","N/A","N/A","N/A","N/A","N/A","N/A","N/A","N/A"
"CHVSLTSBRPA","\Microsoft\Windows\CertificateServicesClient\UserTask","N/A","Ready","Interactive/Background","28/06/2019 3:57:49 AM","0","Microsoft Corporation","COM handler","N/A","Certificate Services Client automatically manages digital identities such as Certificates, Keys and Credentials for the users and the machine, enabling enrollment, roaming and other services.","Enabled","Disabled","Stop On Battery Mode","INTERACTIVE","Disabled","Disabled","Scheduling data is not available in this format.","At system start up","N/A","N/A","N/A","N/A","N/A","N/A","N/A","N/A","N/A"
"CHVSLTSBRPA","\Microsoft\Windows\CertificateServicesClient\UserTask","N/A","Ready","Interactive/Background","28/06/2019 3:57:49 AM","0","Microsoft Corporation","COM handler","N/A","Certificate Services Client automatically manages digital identities such as Certificates, Keys and Credentials for the users and the machine, enabling enrollment, roaming and other services.","Enabled","Disabled","Stop On Battery Mode","INTERACTIVE","Disabled","Disabled","Scheduling data is not available in this format.","At logon time","N/A","N/A","N/A","N/A","N/A","N/A","N/A","N/A","N/A"
"CHVSLTSBRPA","\Microsoft\Windows\CertificateServicesClient\UserTask-Roam","N/A","Ready","Interactive/Background","07/04/2019 8:51:00 PM","0","Microsoft Corporation","COM handler","N/A","Certificate Services Client automatically manages digital identities such as Certificates, Keys and Credentials for the users and the machine, enabling enrollment, roaming and other services.","Enabled","Disabled","Stop On Battery Mode, No Start On Batteries","INTERACTIVE","Disabled","Disabled","Scheduling data is not available in this format.","When an event occurs","N/A","N/A","N/A","N/A","N/A","N/A","N/A","N/A","N/A"
"CHVSLTSBRPA","\Microsoft\Windows\CertificateServicesClient\UserTask-Roam","N/A","Ready","Interactive/Background","07/04/2019 8:51:00 PM","0","Microsoft Corporation","COM handler","N/A","Certificate Services Client automatically manages digital identities such as Certificates, Keys and Credentials for the users and the machine, enabling enrollment, roaming and other services.","Enabled","Disabled","Stop On Battery Mode, No Start On Batteries","INTERACTIVE","Disabled","Disabled","Scheduling data is not available in this format.","When an event occurs","N/A","N/A","N/A","N/A","N/A","N/A","N/A","N/A","N/A"
"HostName","TaskName","Next Run Time","Status","Logon Mode","Last Run Time","Last Result","Author","Task To Run","Start In","Comment","Scheduled Task State","Idle Time","Power Management","Run As User","Delete Task If Not Rescheduled","Stop Task If Runs X Hours and X Mins","Schedule","Schedule Type","Start Time","Start Date","End Date","Days","Months","Repeat: Every","Repeat: Until: Time","Repeat: Until: Duration","Repeat: Stop If Still Running"
"CHVSLTSBRPA","\Microsoft\Windows\Chkdsk\ProactiveScan","N/A","Ready","Interactive/Background","03/06/2019 3:08:11 PM","0","Microsoft Corporation","COM handler","N/A","NTFS Volume Health Scan","Enabled","Disabled","Stop On Battery Mode, No Start On Batteries","SYSTEM","Disabled","72:00:00","Scheduling data is not available in this format.","On demand only","N/A","N/A","N/A","N/A","N/A","N/A","N/A","N/A","N/A"
"HostName","TaskName","Next Run Time","Status","Logon Mode","Last Run Time","Last Result","Author","Task To Run","Start In","Comment","Scheduled Task State","Idle Time","Power Management","Run As User","Delete Task If Not Rescheduled","Stop Task If Runs X Hours and X Mins","Schedule","Schedule Type","Start Time","Start Date","End Date","Days","Months","Repeat: Every","Repeat: Until: Time","Repeat: Until: Duration","Repeat: Stop If Still Running"
"CHVSLTSBRPA","\Microsoft\Windows\CloudExperienceHost\CreateObjectTask","N/A","Ready","Interactive/Background","30/11/1999 12:00:00 AM","267011","N/A","COM handler","N/A","N/A","Enabled","Disabled","","SYSTEM","Disabled","00:00:30","Scheduling data is not available in this format.","On demand only","N/A","N/A","N/A","N/A","N/A","N/A","N/A","N/A","N/A"
"HostName","TaskName","Next Run Time","Status","Logon Mode","Last Run Time","Last Result","Author","Task To Run","Start In","Comment","Scheduled Task State","Idle Time","Power Management","Run As User","Delete Task If Not Rescheduled","Stop Task If Runs X Hours and X Mins","Schedule","Schedule Type","Start Time","Start Date","End Date","Days","Months","Repeat: Every","Repeat: Until: Time","Repeat: Until: Duration","Repeat: Stop If Still Running"
"CHVSLTSBRPA","\Microsoft\Windows\Customer Experience Improvement Program\Consolidator","28/06/2019 12:00:00 PM","Ready","Interactive/Background","28/06/2019 6:00:01 AM","0","Microsoft Corporation","%SystemRoot%\System32\wsqmcons.exe ","N/A","If the user has consented to participate in the Windows Customer Experience Improvement Program, this job collects and sends usage data to Microsoft.","Enabled","Disabled","","SYSTEM","Disabled","72:00:00","Scheduling data is not available in this format.","One Time Only, Hourly ","12:00:00 AM","02/01/2004","N/A","N/A","N/A","6 Hour(s), 0 Minute(s)","None","Disabled","Disabled"
"CHVSLTSBRPA","\Microsoft\Windows\Customer Experience Improvement Program\KernelCeipTask","N/A","Ready","Interactive/Background","30/05/2019 6:37:58 PM","0","Microsoft Corporation","COM handler","N/A","The Kernel CEIP (Customer Experience Improvement Program) task collects additional information about the system and sends this data to Microsoft.  If the user has not consented to participate in Windows CEIP, this task does nothing.","Enabled","Disabled","No Start On Batteries","LOCAL SERVICE","Disabled","72:00:00","Scheduling data is not available in this format.","On demand only","N/A","N/A","N/A","N/A","N/A","N/A","N/A","N/A","N/A"
"CHVSLTSBRPA","\Microsoft\Windows\Customer Experience Improvement Program\UsbCeip","N/A","Ready","Interactive/Background","30/05/2019 6:37:58 PM","0","Microsoft Corporation","COM handler","N/A","The USB CEIP (Customer Experience Improvement Program) task collects Universal Serial Bus related statistics and information about your machine and sends it to the Windows Device Connectivity engineering group at Microsoft.  The information received is ","Enabled","Disabled","Stop On Battery Mode, No Start On Batteries","SYSTEM","Disabled","72:00:00","Scheduling data is not available in this format.","On demand only","N/A","N/A","N/A","N/A","N/A","N/A","N/A","N/A","N/A"
"HostName","TaskName","Next Run Time","Status","Logon Mode","Last Run Time","Last Result","Author","Task To Run","Start In","Comment","Scheduled Task State","Idle Time","Power Management","Run As User","Delete Task If Not Rescheduled","Stop Task If Runs X Hours and X Mins","Schedule","Schedule Type","Start Time","Start Date","End Date","Days","Months","Repeat: Every","Repeat: Until: Time","Repeat: Until: Duration","Repeat: Stop If Still Running"
"CHVSLTSBRPA","\Microsoft\Windows\Data Integrity Scan\Data Integrity Scan","09/07/2019 7:34:05 PM","Ready","Interactive/Background","10/06/2019 12:02:07 PM","0","Microsoft Corporation","COM handler","N/A","Scans fault-tolerant volumes for latent corruptions","Enabled","Disabled","Stop On Battery Mode, No Start On Batteries","SYSTEM","Disabled","Disabled","Scheduling data is not available in this format.","Weekly","11:00:00 PM","01/01/2011","N/A","SAT","Every 4 week(s)","Disabled","Disabled","Disabled","Disabled"
"CHVSLTSBRPA","\Microsoft\Windows\Data Integrity Scan\Data Integrity Scan","12/07/2019 10:28:59 AM","Ready","Interactive/Background","10/06/2019 12:02:07 PM","0","Microsoft Corporation","COM handler","N/A","Scans fault-tolerant volumes for latent corruptions","Enabled","Disabled","Stop On Battery Mode, No Start On Batteries","SYSTEM","Disabled","Disabled","Scheduling data is not available in this format.","At system start up","N/A","N/A","N/A","N/A","N/A","N/A","N/A","N/A","N/A"
"CHVSLTSBRPA","\Microsoft\Windows\Data Integrity Scan\Data Integrity Scan for Crash Recovery","N/A","Ready","Interactive/Background","30/11/1999 12:00:00 AM","267011","Microsoft Corporation","COM handler","N/A","Scans fault-tolerant volumes for fast crash recovery","Enabled","Disabled","Stop On Battery Mode, No Start On Batteries","SYSTEM","Disabled","Disabled","Scheduling data is not available in this format.","Undefined","N/A","N/A","N/A","N/A","N/A","N/A","N/A","N/A","N/A"
"HostName","TaskName","Next Run Time","Status","Logon Mode","Last Run Time","Last Result","Author","Task To Run","Start In","Comment","Scheduled Task State","Idle Time","Power Management","Run As User","Delete Task If Not Rescheduled","Stop Task If Runs X Hours and X Mins","Schedule","Schedule Type","Start Time","Start Date","End Date","Days","Months","Repeat: Every","Repeat: Until: Time","Repeat: Until: Duration","Repeat: Stop If Still Running"
"CHVSLTSBRPA","\Microsoft\Windows\Defrag\ScheduledDefrag","N/A","Ready","Interactive/Background","03/06/2019 3:08:11 PM","0","Microsoft Corporation","%windir%\system32\defrag.exe -c -h -k -g -$","N/A","This task optimizes local storage drives.","Enabled","Disabled","Stop On Battery Mode, No Start On Batteries","SYSTEM","Disabled","72:00:00","Scheduling data is not available in this format.","On demand only","N/A","N/A","N/A","N/A","N/A","N/A","N/A","N/A","N/A"
"HostName","TaskName","Next Run Time","Status","Logon Mode","Last Run Time","Last Result","Author","Task To Run","Start In","Comment","Scheduled Task State","Idle Time","Power Management","Run As User","Delete Task If Not Rescheduled","Stop Task If Runs X Hours and X Mins","Schedule","Schedule Type","Start Time","Start Date","End Date","Days","Months","Repeat: Every","Repeat: Until: Time","Repeat: Until: Duration","Repeat: Stop If Still Running"
"CHVSLTSBRPA","\Microsoft\Windows\Device Information\Device","29/06/2019 3:55:40 AM","Ready","Interactive/Background","28/06/2019 3:05:39 AM","0","N/A","%windir%\system32\devicecensus.exe ","N/A","N/A","Enabled","Disabled","","SYSTEM","Disabled","96:00:00","Scheduling data is not available in this format.","One Time Only, Hourly ","3:00:00 AM","01/09/2008","N/A","N/A","N/A","24 Hour(s), 0 Minute(s)","None","Disabled","Disabled"
"CHVSLTSBRPA","\Microsoft\Windows\Device Information\Device","29/06/2019 4:49:16 AM","Ready","Interactive/Background","28/06/2019 3:05:39 AM","0","N/A","%windir%\system32\devicecensus.exe ","N/A","N/A","Enabled","Disabled","","SYSTEM","Disabled","96:00:00","Scheduling data is not available in this format.","Undefined","N/A","N/A","N/A","N/A","N/A","N/A","N/A","N/A","N/A"
"HostName","TaskName","Next Run Time","Status","Logon Mode","Last Run Time","Last Result","Author","Task To Run","Start In","Comment","Scheduled Task State","Idle Time","Power Management","Run As User","Delete Task If Not Rescheduled","Stop Task If Runs X Hours and X Mins","Schedule","Schedule Type","Start Time","Start Date","End Date","Days","Months","Repeat: Every","Repeat: Until: Time","Repeat: Until: Duration","Repeat: Stop If Still Running"
"CHVSLTSBRPA","\Microsoft\Windows\Diagnosis\Scheduled","N/A","Ready","Interactive/Background","29/11/2018 7:13:18 PM","0","Microsoft Corporation","COM handler","N/A","The Windows Scheduled Maintenance Task performs periodic maintenance of the computer system by fixing problems automatically or reporting them through Security and Maintenance.","Enabled","Disabled","Stop On Battery Mode, No Start On Batteries","INTERACTIVE","Disabled","72:00:00","Scheduling data is not available in this format.","On demand only","N/A","N/A","N/A","N/A","N/A","N/A","N/A","N/A","N/A"
"HostName","TaskName","Next Run Time","Status","Logon Mode","Last Run Time","Last Result","Author","Task To Run","Start In","Comment","Scheduled Task State","Idle Time","Power Management","Run As User","Delete Task If Not Rescheduled","Stop Task If Runs X Hours and X Mins","Schedule","Schedule Type","Start Time","Start Date","End Date","Days","Months","Repeat: Every","Repeat: Until: Time","Repeat: Until: Duration","Repeat: Stop If Still Running"
"CHVSLTSBRPA","\Microsoft\Windows\DiskCleanup\SilentCleanup","N/A","Ready","Interactive/Background","30/11/2018 11:26:50 AM","-2147020576","Microsoft Corporation","%windir%\system32\cleanmgr.exe /autoclean /d %systemdrive%","N/A","Maintenance task used by the system to launch a silent auto disk cleanup when running low on free disk space.","Enabled","Only Start If Idle for  minutes, If Not Idle Retry For  minutes Stop the task if Idle State end","Stop On Battery Mode, No Start On Batteries","Users","Disabled","72:00:00","Scheduling data is not available in this format.","On demand only","N/A","N/A","N/A","N/A","N/A","N/A","N/A","N/A","N/A"
"HostName","TaskName","Next Run Time","Status","Logon Mode","Last Run Time","Last Result","Author","Task To Run","Start In","Comment","Scheduled Task State","Idle Time","Power Management","Run As User","Delete Task If Not Rescheduled","Stop Task If Runs X Hours and X Mins","Schedule","Schedule Type","Start Time","Start Date","End Date","Days","Months","Repeat: Every","Repeat: Until: Time","Repeat: Until: Duration","Repeat: Stop If Still Running"
"CHVSLTSBRPA","\Microsoft\Windows\DiskDiagnostic\Microsoft-Windows-DiskDiagnosticDataCollector","N/A","Disabled","Interactive/Background","22/08/2018 7:12:06 PM","0","Microsoft Corporation","%windir%\system32\rundll32.exe dfdts.dll,DfdGetDefaultPolicyAndSMART","N/A","The Windows Disk Diagnostic reports general disk and system information to Microsoft for users participating in the Customer Experience Program.","Disabled","Disabled","No Start On Batteries","SYSTEM","Disabled","72:00:00","Scheduling data is not available in this format.","On demand only","N/A","N/A","N/A","N/A","N/A","N/A","N/A","N/A","N/A"
"CHVSLTSBRPA","\Microsoft\Windows\DiskDiagnostic\Microsoft-Windows-DiskDiagnosticResolver","N/A","Disabled","Interactive/Background","30/11/1999 12:00:00 AM","267011","Microsoft Corporation","%windir%\system32\DFDWiz.exe ","N/A","The Microsoft-Windows-DiskDiagnosticResolver warns users about faults reported by hard disks that support the Self Monitoring and Reporting Technology (S.M.A.R.T.) standard. This task is triggered automatically by the Diagnostic Policy Service when a S.","Disabled","Disabled","","Users","Disabled","72:00:00","Scheduling data is not available in this format.","At logon time","N/A","N/A","N/A","N/A","N/A","N/A","N/A","N/A","N/A"
"HostName","TaskName","Next Run Time","Status","Logon Mode","Last Run Time","Last Result","Author","Task To Run","Start In","Comment","Scheduled Task State","Idle Time","Power Management","Run As User","Delete Task If Not Rescheduled","Stop Task If Runs X Hours and X Mins","Schedule","Schedule Type","Start Time","Start Date","End Date","Days","Months","Repeat: Every","Repeat: Until: Time","Repeat: Until: Duration","Repeat: Stop If Still Running"
"CHVSLTSBRPA","\Microsoft\Windows\DiskFootprint\Diagnostics","N/A","Ready","Interactive/Background","03/06/2019 3:08:12 PM","1","N/A","%windir%\system32\disksnapshot.exe -z","N/A","N/A","Enabled","Only Start If Idle for  minutes, If Not Idle Retry For  minutes Stop the task if Idle State end","Stop On Battery Mode, No Start On Batteries","SYSTEM","Disabled","01:00:00","Scheduling data is not available in this format.","On demand only","N/A","N/A","N/A","N/A","N/A","N/A","N/A","N/A","N/A"
"CHVSLTSBRPA","\Microsoft\Windows\DiskFootprint\StorageSense","N/A","Ready","Interactive/Background","29/11/2018 7:13:18 PM","0","N/A","COM handler","N/A","N/A","Enabled","Only Start If Idle for  minutes, If Not Idle Retry For  minutes Stop the task if Idle State end","Stop On Battery Mode, No Start On Batteries","Users","Disabled","01:00:00","Scheduling data is not available in this format.","On demand only","N/A","N/A","N/A","N/A","N/A","N/A","N/A","N/A","N/A"
"HostName","TaskName","Next Run Time","Status","Logon Mode","Last Run Time","Last Result","Author","Task To Run","Start In","Comment","Scheduled Task State","Idle Time","Power Management","Run As User","Delete Task If Not Rescheduled","Stop Task If Runs X Hours and X Mins","Schedule","Schedule Type","Start Time","Start Date","End Date","Days","Months","Repeat: Every","Repeat: Until: Time","Repeat: Until: Duration","Repeat: Stop If Still Running"
"CHVSLTSBRPA","\Microsoft\Windows\EDP\EDP App Launch Task","N/A","Ready","Interactive/Background","30/11/1999 12:00:00 AM","267011","N/A","COM handler","N/A","N/A","Enabled","Disabled","Stop On Battery Mode","INTERACTIVE","Disabled","72:00:00","Scheduling data is not available in this format.","Undefined","N/A","N/A","N/A","N/A","N/A","N/A","N/A","N/A","N/A"
"CHVSLTSBRPA","\Microsoft\Windows\EDP\EDP Auth Task","N/A","Ready","Interactive/Background","30/11/1999 12:00:00 AM","267011","N/A","COM handler","N/A","N/A","Enabled","Disabled","Stop On Battery Mode","INTERACTIVE","Disabled","72:00:00","Scheduling data is not available in this format.","Undefined","N/A","N/A","N/A","N/A","N/A","N/A","N/A","N/A","N/A"
"HostName","TaskName","Next Run Time","Status","Logon Mode","Last Run Time","Last Result","Author","Task To Run","Start In","Comment","Scheduled Task State","Idle Time","Power Management","Run As User","Delete Task If Not Rescheduled","Stop Task If Runs X Hours and X Mins","Schedule","Schedule Type","Start Time","Start Date","End Date","Days","Months","Repeat: Every","Repeat: Until: Time","Repeat: Until: Duration","Repeat: Stop If Still Running"
"CHVSLTSBRPA","\Microsoft\Windows\ErrorDetails\EnableErrorDetailsUpdate","N/A","Ready","Interactive/Background","30/11/1999 12:00:00 AM","267011","$(@%SystemRoot%\system32\ErrorDetailsUpdate.dll,-600)","COM handler","N/A","$(@%SystemRoot%\system32\ErrorDetailsUpdate.dll,-601)","Enabled","Disabled","","SYSTEM","Disabled","00:01:00","Scheduling data is not available in this format.","Undefined","N/A","N/A","N/A","N/A","N/A","N/A","N/A","N/A","N/A"
"CHVSLTSBRPA","\Microsoft\Windows\ErrorDetails\ErrorDetailsUpdate","N/A","Disabled","Interactive/Background","30/11/1999 12:00:00 AM","267011","$(@%systemroot%\system32\ErrorDetailsUpdate.dll,-600)","COM handler","N/A","$(@%SystemRoot%\system32\ErrorDetailsUpdate.dll,-601)","Disabled","Only Start If Idle for  minutes, If Not Idle Retry For  minutes Stop the task if Idle State end","Stop On Battery Mode, No Start On Batteries","NETWORK SERVICE","Disabled","00:05:00","Scheduling data is not available in this format.","On demand only","N/A","N/A","N/A","N/A","N/A","N/A","N/A","N/A","N/A"
"HostName","TaskName","Next Run Time","Status","Logon Mode","Last Run Time","Last Result","Author","Task To Run","Start In","Comment","Scheduled Task State","Idle Time","Power Management","Run As User","Delete Task If Not Rescheduled","Stop Task If Runs X Hours and X Mins","Schedule","Schedule Type","Start Time","Start Date","End Date","Days","Months","Repeat: Every","Repeat: Until: Time","Repeat: Until: Duration","Repeat: Stop If Still Running"
"CHVSLTSBRPA","\Microsoft\Windows\LanguageComponentsInstaller\Installation","N/A","Ready","Interactive/Background","27/06/2019 5:08:10 PM","0","Microsoft Corporation","COM handler","N/A","Install language components that match the user's language list.","Enabled","Disabled","No Start On Batteries","INTERACTIVE","Disabled","01:00:00","Scheduling data is not available in this format.","At logon time","N/A","N/A","N/A","N/A","N/A","N/A","N/A","N/A","N/A"
"CHVSLTSBRPA","\Microsoft\Windows\LanguageComponentsInstaller\Installation","N/A","Ready","Interactive/Background","27/06/2019 5:08:10 PM","0","Microsoft Corporation","COM handler","N/A","Install language components that match the user's language list.","Enabled","Disabled","No Start On Batteries","INTERACTIVE","Disabled","01:00:00","Scheduling data is not available in this format.","At idle time","N/A","N/A","N/A","N/A","N/A","N/A","N/A","N/A","N/A"
"HostName","TaskName","Next Run Time","Status","Logon Mode","Last Run Time","Last Result","Author","Task To Run","Start In","Comment","Scheduled Task State","Idle Time","Power Management","Run As User","Delete Task If Not Rescheduled","Stop Task If Runs X Hours and X Mins","Schedule","Schedule Type","Start Time","Start Date","End Date","Days","Months","Repeat: Every","Repeat: Until: Time","Repeat: Until: Duration","Repeat: Stop If Still Running"
"HostName","TaskName","Next Run Time","Status","Logon Mode","Last Run Time","Last Result","Author","Task To Run","Start In","Comment","Scheduled Task State","Idle Time","Power Management","Run As User","Delete Task If Not Rescheduled","Stop Task If Runs X Hours and X Mins","Schedule","Schedule Type","Start Time","Start Date","End Date","Days","Months","Repeat: Every","Repeat: Until: Time","Repeat: Until: Duration","Repeat: Stop If Still Running"
"CHVSLTSBRPA","\Microsoft\Windows\Location\Notifications","N/A","Ready","Interactive/Background","30/11/1999 12:00:00 AM","267011","N/A","%windir%\System32\LocationNotificationWindows.exe ","N/A","Location Notification","Enabled","Disabled","","Authenticated Users","Disabled","Disabled","Scheduling data is not available in this format.","Undefined","N/A","N/A","N/A","N/A","N/A","N/A","N/A","N/A","N/A"
"CHVSLTSBRPA","\Microsoft\Windows\Location\WindowsActionDialog","N/A","Ready","Interactive/Background","30/11/1999 12:00:00 AM","267011","N/A","%windir%\System32\WindowsActionDialog.exe ","N/A","Location Notification","Enabled","Disabled","","Authenticated Users","Disabled","Disabled","Scheduling data is not available in this format.","Undefined","N/A","N/A","N/A","N/A","N/A","N/A","N/A","N/A","N/A"
"HostName","TaskName","Next Run Time","Status","Logon Mode","Last Run Time","Last Result","Author","Task To Run","Start In","Comment","Scheduled Task State","Idle Time","Power Management","Run As User","Delete Task If Not Rescheduled","Stop Task If Runs X Hours and X Mins","Schedule","Schedule Type","Start Time","Start Date","End Date","Days","Months","Repeat: Every","Repeat: Until: Time","Repeat: Until: Duration","Repeat: Stop If Still Running"
"CHVSLTSBRPA","\Microsoft\Windows\Maintenance\WinSAT","N/A","Ready","Interactive/Background","29/11/2018 7:44:37 PM","0","Microsoft","COM handler","N/A","Measures a system's performance and capabilities","Enabled","Disabled","Stop On Battery Mode, No Start On Batteries","Administrators","Disabled","00:30:00","Scheduling data is not available in this format.","On demand only","N/A","N/A","N/A","N/A","N/A","N/A","N/A","N/A","N/A"
"HostName","TaskName","Next Run Time","Status","Logon Mode","Last Run Time","Last Result","Author","Task To Run","Start In","Comment","Scheduled Task State","Idle Time","Power Management","Run As User","Delete Task If Not Rescheduled","Stop Task If Runs X Hours and X Mins","Schedule","Schedule Type","Start Time","Start Date","End Date","Days","Months","Repeat: Every","Repeat: Until: Time","Repeat: Until: Duration","Repeat: Stop If Still Running"
"CHVSLTSBRPA","\Microsoft\Windows\Maps\MapsToastTask","N/A","Ready","Interactive/Background","30/11/1999 12:00:00 AM","267011","Microsoft Corporation","COM handler","N/A","This task shows various Map related toasts","Enabled","Disabled","","INTERACTIVE","Disabled","00:00:05","Scheduling data is not available in this format.","On demand only","N/A","N/A","N/A","N/A","N/A","N/A","N/A","N/A","N/A"
"CHVSLTSBRPA","\Microsoft\Windows\Maps\MapsUpdateTask","N/A","Disabled","Interactive/Background","30/11/1999 12:00:00 AM","267011","Microsoft Corporation","COM handler","N/A","This task checks for updates to maps which you have downloaded for offline use. Disabling this task will prevent Windows from notifying you of updated maps.","Disabled","Disabled","Stop On Battery Mode, No Start On Batteries","NETWORK SERVICE","Disabled","00:00:40","Scheduling data is not available in this format.","One Time Only, Hourly ","12:00:00 AM","21/10/2014","N/A","N/A","N/A","24 Hour(s), 0 Minute(s)","None","Disabled","Disabled"
"HostName","TaskName","Next Run Time","Status","Logon Mode","Last Run Time","Last Result","Author","Task To Run","Start In","Comment","Scheduled Task State","Idle Time","Power Management","Run As User","Delete Task If Not Rescheduled","Stop Task If Runs X Hours and X Mins","Schedule","Schedule Type","Start Time","Start Date","End Date","Days","Months","Repeat: Every","Repeat: Until: Time","Repeat: Until: Duration","Repeat: Stop If Still Running"
"CHVSLTSBRPA","\Microsoft\Windows\MemoryDiagnostic\ProcessMemoryDiagnosticEvents","N/A","Disabled","Interactive/Background","30/11/1999 12:00:00 AM","267011","Microsoft Corporation","COM handler","N/A","Schedules a memory diagnostic in response to system events.","Disabled","Only Start If Idle for  minutes, If Not Idle Retry For  minutes Stop the task if Idle State end","Stop On Battery Mode, No Start On Batteries","Administrators","Disabled","02:00:00","Scheduling data is not available in this format.","When an event occurs","N/A","N/A","N/A","N/A","N/A","N/A","N/A","N/A","N/A"
"CHVSLTSBRPA","\Microsoft\Windows\MemoryDiagnostic\ProcessMemoryDiagnosticEvents","N/A","Disabled","Interactive/Background","30/11/1999 12:00:00 AM","267011","Microsoft Corporation","COM handler","N/A","Schedules a memory diagnostic in response to system events.","Disabled","Only Start If Idle for  minutes, If Not Idle Retry For  minutes Stop the task if Idle State end","Stop On Battery Mode, No Start On Batteries","Administrators","Disabled","02:00:00","Scheduling data is not available in this format.","When an event occurs","N/A","N/A","N/A","N/A","N/A","N/A","N/A","N/A","N/A"
"CHVSLTSBRPA","\Microsoft\Windows\MemoryDiagnostic\ProcessMemoryDiagnosticEvents","N/A","Disabled","Interactive/Background","30/11/1999 12:00:00 AM","267011","Microsoft Corporation","COM handler","N/A","Schedules a memory diagnostic in response to system events.","Disabled","Only Start If Idle for  minutes, If Not Idle Retry For  minutes Stop the task if Idle State end","Stop On Battery Mode, No Start On Batteries","Administrators","Disabled","02:00:00","Scheduling data is not available in this format.","When an event occurs","N/A","N/A","N/A","N/A","N/A","N/A","N/A","N/A","N/A"
"CHVSLTSBRPA","\Microsoft\Windows\MemoryDiagnostic\ProcessMemoryDiagnosticEvents","N/A","Disabled","Interactive/Background","30/11/1999 12:00:00 AM","267011","Microsoft Corporation","COM handler","N/A","Schedules a memory diagnostic in response to system events.","Disabled","Only Start If Idle for  minutes, If Not Idle Retry For  minutes Stop the task if Idle State end","Stop On Battery Mode, No Start On Batteries","Administrators","Disabled","02:00:00","Scheduling data is not available in this format.","When an event occurs","N/A","N/A","N/A","N/A","N/A","N/A","N/A","N/A","N/A"
"CHVSLTSBRPA","\Microsoft\Windows\MemoryDiagnostic\RunFullMemoryDiagnostic","N/A","Disabled","Interactive/Background","30/11/1999 12:00:00 AM","267011","Microsoft Corporation","COM handler","N/A","Detects and mitigates problems in physical memory (RAM).","Disabled","Only Start If Idle for  minutes, If Not Idle Retry For  minutes Stop the task if Idle State end","Stop On Battery Mode, No Start On Batteries","Administrators","Disabled","02:00:00","Scheduling data is not available in this format.","On demand only","N/A","N/A","N/A","N/A","N/A","N/A","N/A","N/A","N/A"
"HostName","TaskName","Next Run Time","Status","Logon Mode","Last Run Time","Last Result","Author","Task To Run","Start In","Comment","Scheduled Task State","Idle Time","Power Management","Run As User","Delete Task If Not Rescheduled","Stop Task If Runs X Hours and X Mins","Schedule","Schedule Type","Start Time","Start Date","End Date","Days","Months","Repeat: Every","Repeat: Until: Time","Repeat: Until: Duration","Repeat: Stop If Still Running"
"CHVSLTSBRPA","\Microsoft\Windows\Mobile Broadband Accounts\MNO Metadata Parser","N/A","Ready","Interactive/Background","30/11/1999 12:00:00 AM","267011","Microsoft","%SystemRoot%\System32\MbaeParserTask.exe ","N/A","Mobile Broadband Account Experience Metadata Parser","Enabled","Disabled","","SYSTEM","Disabled","00:03:00","Scheduling data is not available in this format.","When an event occurs","N/A","N/A","N/A","N/A","N/A","N/A","N/A","N/A","N/A"
"HostName","TaskName","Next Run Time","Status","Logon Mode","Last Run Time","Last Result","Author","Task To Run","Start In","Comment","Scheduled Task State","Idle Time","Power Management","Run As User","Delete Task If Not Rescheduled","Stop Task If Runs X Hours and X Mins","Schedule","Schedule Type","Start Time","Start Date","End Date","Days","Months","Repeat: Every","Repeat: Until: Time","Repeat: Until: Duration","Repeat: Stop If Still Running"
"CHVSLTSBRPA","\Microsoft\Windows\MUI\LPRemove","N/A","Ready","Interactive/Background","03/06/2019 4:09:12 PM","0","Microsoft Corporation","%windir%\system32\lpremove.exe ","N/A","Launch language cleanup tool","Enabled","Disabled","Stop On Battery Mode, No Start On Batteries","SYSTEM","Disabled","09:00:00","Scheduling data is not available in this format.","On demand only","N/A","N/A","N/A","N/A","N/A","N/A","N/A","N/A","N/A"
"HostName","TaskName","Next Run Time","Status","Logon Mode","Last Run Time","Last Result","Author","Task To Run","Start In","Comment","Scheduled Task State","Idle Time","Power Management","Run As User","Delete Task If Not Rescheduled","Stop Task If Runs X Hours and X Mins","Schedule","Schedule Type","Start Time","Start Date","End Date","Days","Months","Repeat: Every","Repeat: Until: Time","Repeat: Until: Duration","Repeat: Stop If Still Running"
"CHVSLTSBRPA","\Microsoft\Windows\Multimedia\SystemSoundsService","N/A","Disabled","Interactive/Background","30/11/1999 12:00:00 AM","267011","N/A","COM handler","N/A","System Sounds User Mode Agent","Disabled","Disabled","","Users","Disabled","Disabled","Scheduling data is not available in this format.","At logon time","N/A","N/A","N/A","N/A","N/A","N/A","N/A","N/A","N/A"
"HostName","TaskName","Next Run Time","Status","Logon Mode","Last Run Time","Last Result","Author","Task To Run","Start In","Comment","Scheduled Task State","Idle Time","Power Management","Run As User","Delete Task If Not Rescheduled","Stop Task If Runs X Hours and X Mins","Schedule","Schedule Type","Start Time","Start Date","End Date","Days","Months","Repeat: Every","Repeat: Until: Time","Repeat: Until: Duration","Repeat: Stop If Still Running"
"CHVSLTSBRPA","\Microsoft\Windows\NetTrace\GatherNetworkInfo","N/A","Ready","Interactive/Background","30/11/1999 12:00:00 AM","267011","Microsoft","%windir%\system32\gatherNetworkInfo.vbs ","$(Arg1)","Network information collector","Enabled","Disabled","Stop On Battery Mode","Users","Disabled","72:00:00","Scheduling data is not available in this format.","On demand only","N/A","N/A","N/A","N/A","N/A","N/A","N/A","N/A","N/A"
"HostName","TaskName","Next Run Time","Status","Logon Mode","Last Run Time","Last Result","Author","Task To Run","Start In","Comment","Scheduled Task State","Idle Time","Power Management","Run As User","Delete Task If Not Rescheduled","Stop Task If Runs X Hours and X Mins","Schedule","Schedule Type","Start Time","Start Date","End Date","Days","Months","Repeat: Every","Repeat: Until: Time","Repeat: Until: Duration","Repeat: Stop If Still Running"
"CHVSLTSBRPA","\Microsoft\Windows\Offline Files\Background Synchronization","N/A","Disabled","Interactive/Background","30/11/1999 12:00:00 AM","267011","Microsoft Corporation","COM handler","N/A","This task controls periodic background synchronization of Offline Files when the user is working in an offline mode.","Disabled","Disabled","","Authenticated Users","Disabled","24:00:00","Scheduling data is not available in this format.","One Time Only, Hourly ","12:00:00 AM","01/01/2008","N/A","N/A","N/A","2 Hour(s), 0 Minute(s)","None","Disabled","Disabled"
"CHVSLTSBRPA","\Microsoft\Windows\Offline Files\Logon Synchronization","N/A","Disabled","Interactive/Background","30/11/1999 12:00:00 AM","267011","Microsoft Corporation","COM handler","N/A","This task initiates synchronization of Offline Files when a user logs onto the system.","Disabled","Disabled","Stop On Battery Mode, No Start On Batteries","Authenticated Users","Disabled","24:00:00","Scheduling data is not available in this format.","At logon time","N/A","N/A","N/A","N/A","N/A","N/A","N/A","N/A","N/A"
"HostName","TaskName","Next Run Time","Status","Logon Mode","Last Run Time","Last Result","Author","Task To Run","Start In","Comment","Scheduled Task State","Idle Time","Power Management","Run As User","Delete Task If Not Rescheduled","Stop Task If Runs X Hours and X Mins","Schedule","Schedule Type","Start Time","Start Date","End Date","Days","Months","Repeat: Every","Repeat: Until: Time","Repeat: Until: Duration","Repeat: Stop If Still Running"
"CHVSLTSBRPA","\Microsoft\Windows\PLA\Server Manager Performance Monitor","N/A","Disabled","Interactive/Background","30/11/1999 12:00:00 AM","267011","The major version number of the operating system.","%systemroot%\system32\rundll32.exe %systemroot%\system32\pla.dll,PlaHost "Server Manager Performance Monitor" "$(Arg0)"","N/A","N/A","Disabled","Disabled","","SYSTEM","Disabled","Disabled","Scheduling data is not available in this format.","At system start up","N/A","N/A","N/A","N/A","N/A","N/A","N/A","N/A","N/A"
"HostName","TaskName","Next Run Time","Status","Logon Mode","Last Run Time","Last Result","Author","Task To Run","Start In","Comment","Scheduled Task State","Idle Time","Power Management","Run As User","Delete Task If Not Rescheduled","Stop Task If Runs X Hours and X Mins","Schedule","Schedule Type","Start Time","Start Date","End Date","Days","Months","Repeat: Every","Repeat: Until: Time","Repeat: Until: Duration","Repeat: Stop If Still Running"
"CHVSLTSBRPA","\Microsoft\Windows\Plug and Play\Device Install Group Policy","N/A","Ready","Interactive/Background","19/02/2019 6:00:49 PM","0","Microsoft Corporation","COM handler","N/A","Device Installation Group Policy Change Handler","Enabled","Disabled","","SYSTEM","Disabled","24:00:00","Scheduling data is not available in this format.","Undefined","N/A","N/A","N/A","N/A","N/A","N/A","N/A","N/A","N/A"
"CHVSLTSBRPA","\Microsoft\Windows\Plug and Play\Device Install Reboot Required","N/A","Ready","Interactive/Background","30/11/1999 12:00:00 AM","267011","Microsoft Corporation","COM handler","N/A","Displays a dialog box that asks the user to restart Windows if it is required to complete installation of a device","Enabled","Disabled","","INTERACTIVE","Disabled","72:00:00","Scheduling data is not available in this format.","Undefined","N/A","N/A","N/A","N/A","N/A","N/A","N/A","N/A","N/A"
"CHVSLTSBRPA","\Microsoft\Windows\Plug and Play\Plug and Play Cleanup","N/A","Ready","Interactive/Background","30/05/2019 6:37:58 PM","0","Microsoft Corporation","COM handler","N/A","Windows keeps copies of all previously installed device driver packages from Windows Update and other sources, even after installing newer versions of drivers. This task will remove older versions of drivers that are no longer needed. The most current v","Enabled","Only Start If Idle for  minutes, If Not Idle Retry For  minutes Stop the task if Idle State end","Stop On Battery Mode, No Start On Batteries","SYSTEM","Disabled","01:00:00","Scheduling data is not available in this format.","On demand only","N/A","N/A","N/A","N/A","N/A","N/A","N/A","N/A","N/A"
"CHVSLTSBRPA","\Microsoft\Windows\Plug and Play\Sysprep Generalize Drivers","N/A","Ready","Interactive/Background","21/11/2016 1:46:48 PM","0","Microsoft Corporation","%SystemRoot%\System32\drvinst.exe 6","N/A","Generalize driver state in order to prepare the system to be bootable on any hardware configuration.","Enabled","Disabled","","SYSTEM","Disabled","72:00:00","Scheduling data is not available in this format.","On demand only","N/A","N/A","N/A","N/A","N/A","N/A","N/A","N/A","N/A"
"HostName","TaskName","Next Run Time","Status","Logon Mode","Last Run Time","Last Result","Author","Task To Run","Start In","Comment","Scheduled Task State","Idle Time","Power Management","Run As User","Delete Task If Not Rescheduled","Stop Task If Runs X Hours and X Mins","Schedule","Schedule Type","Start Time","Start Date","End Date","Days","Months","Repeat: Every","Repeat: Until: Time","Repeat: Until: Duration","Repeat: Stop If Still Running"
"CHVSLTSBRPA","\Microsoft\Windows\Power Efficiency Diagnostics\AnalyzeSystem","N/A","Ready","Interactive/Background","03/06/2019 4:09:13 PM","0","Microsoft Corporation","COM handler","N/A","This task analyzes the system looking for conditions that may cause high energy use.","Enabled","Disabled","","SYSTEM","Disabled","00:05:00","Scheduling data is not available in this format.","On demand only","N/A","N/A","N/A","N/A","N/A","N/A","N/A","N/A","N/A"
"HostName","TaskName","Next Run Time","Status","Logon Mode","Last Run Time","Last Result","Author","Task To Run","Start In","Comment","Scheduled Task State","Idle Time","Power Management","Run As User","Delete Task If Not Rescheduled","Stop Task If Runs X Hours and X Mins","Schedule","Schedule Type","Start Time","Start Date","End Date","Days","Months","Repeat: Every","Repeat: Until: Time","Repeat: Until: Duration","Repeat: Stop If Still Running"
"CHVSLTSBRPA","\Microsoft\Windows\RecoveryEnvironment\VerifyWinRE","N/A","Disabled","Interactive/Background","18/11/2017 6:20:38 PM","0","Microsoft Corporation","COM handler","N/A","Validates the Windows Recovery Environment.","Disabled","Only Start If Idle for  minutes, If Not Idle Retry For  minutes","No Start On Batteries","Administrators","Disabled","01:00:00","Scheduling data is not available in this format.","On demand only","N/A","N/A","N/A","N/A","N/A","N/A","N/A","N/A","N/A"
"HostName","TaskName","Next Run Time","Status","Logon Mode","Last Run Time","Last Result","Author","Task To Run","Start In","Comment","Scheduled Task State","Idle Time","Power Management","Run As User","Delete Task If Not Rescheduled","Stop Task If Runs X Hours and X Mins","Schedule","Schedule Type","Start Time","Start Date","End Date","Days","Months","Repeat: Every","Repeat: Until: Time","Repeat: Until: Duration","Repeat: Stop If Still Running"
"CHVSLTSBRPA","\Microsoft\Windows\Registry\RegIdleBackup","N/A","Ready","Interactive/Background","30/05/2019 6:37:58 PM","0","Microsoft Corporation","COM handler","N/A","Registry Idle Backup Task","Enabled","Disabled","No Start On Batteries","SYSTEM","Disabled","Disabled","Scheduling data is not available in this format.","On demand only","N/A","N/A","N/A","N/A","N/A","N/A","N/A","N/A","N/A"
"HostName","TaskName","Next Run Time","Status","Logon Mode","Last Run Time","Last Result","Author","Task To Run","Start In","Comment","Scheduled Task State","Idle Time","Power Management","Run As User","Delete Task If Not Rescheduled","Stop Task If Runs X Hours and X Mins","Schedule","Schedule Type","Start Time","Start Date","End Date","Days","Months","Repeat: Every","Repeat: Until: Time","Repeat: Until: Duration","Repeat: Stop If Still Running"
"CHVSLTSBRPA","\Microsoft\Windows\Server Manager\CleanupOldPerfLogs","N/A","Ready","Interactive/Background","30/11/1999 12:00:00 AM","267011","The major version number of the operating system.","%systemroot%\system32\cscript.exe /B /nologo %systemroot%\system32\calluxxprovider.vbs $(Arg0) $(Arg1) $(Arg2)","N/A","N/A","Enabled","Disabled","Stop On Battery Mode, No Start On Batteries","SYSTEM","Disabled","00:02:00","Scheduling data is not available in this format.","On demand only","N/A","N/A","N/A","N/A","N/A","N/A","N/A","N/A","N/A"
"CHVSLTSBRPA","\Microsoft\Windows\Server Manager\ServerManager","N/A","Ready","Interactive/Background","11/06/2019 11:57:49 AM","0","Microsoft Corporation","%windir%\system32\ServerManagerLauncher.exe ","N/A","Task for launching Initial Configuration Tasks or Server Manager at logon.","Enabled","Disabled","Stop On Battery Mode","Administrators","Disabled","Disabled","Scheduling data is not available in this format.","At logon time","N/A","N/A","N/A","N/A","N/A","N/A","N/A","N/A","N/A"
"HostName","TaskName","Next Run Time","Status","Logon Mode","Last Run Time","Last Result","Author","Task To Run","Start In","Comment","Scheduled Task State","Idle Time","Power Management","Run As User","Delete Task If Not Rescheduled","Stop Task If Runs X Hours and X Mins","Schedule","Schedule Type","Start Time","Start Date","End Date","Days","Months","Repeat: Every","Repeat: Until: Time","Repeat: Until: Duration","Repeat: Stop If Still Running"
"CHVSLTSBRPA","\Microsoft\Windows\Servicing\StartComponentCleanup","N/A","Ready","Interactive/Background","03/06/2019 5:08:11 PM","-2147024894","N/A","COM handler","N/A","N/A","Enabled","Disabled","Stop On Battery Mode, No Start On Batteries","SYSTEM","Disabled","01:00:00","Scheduling data is not available in this format.","On demand only","N/A","N/A","N/A","N/A","N/A","N/A","N/A","N/A","N/A"
"HostName","TaskName","Next Run Time","Status","Logon Mode","Last Run Time","Last Result","Author","Task To Run","Start In","Comment","Scheduled Task State","Idle Time","Power Management","Run As User","Delete Task If Not Rescheduled","Stop Task If Runs X Hours and X Mins","Schedule","Schedule Type","Start Time","Start Date","End Date","Days","Months","Repeat: Every","Repeat: Until: Time","Repeat: Until: Duration","Repeat: Stop If Still Running"
"CHVSLTSBRPA","\Microsoft\Windows\SettingSync\BackgroundUploadTask","N/A","Ready","Interactive/Background","29/11/2018 7:13:18 PM","0","N/A","COM handler","N/A","N/A","Enabled","Only Start If Idle for  minutes, If Not Idle Retry For 180 minutes Stop the task if Idle State end","","INTERACTIVE","Disabled","72:00:00","Scheduling data is not available in this format.","On demand only","N/A","N/A","N/A","N/A","N/A","N/A","N/A","N/A","N/A"
"CHVSLTSBRPA","\Microsoft\Windows\SettingSync\BackupTask","N/A","Ready","Interactive/Background","29/11/2018 7:13:18 PM","0","N/A","COM handler","N/A","N/A","Enabled","Only Start If Idle for  minutes, If Not Idle Retry For 180 minutes Stop the task if Idle State end","","INTERACTIVE","Disabled","72:00:00","Scheduling data is not available in this format.","On demand only","N/A","N/A","N/A","N/A","N/A","N/A","N/A","N/A","N/A"
"CHVSLTSBRPA","\Microsoft\Windows\SettingSync\NetworkStateChangeTask","N/A","Ready","Interactive/Background","10/12/2018 4:05:23 PM","0","N/A","COM handler","N/A","N/A","Enabled","Disabled","","INTERACTIVE","Disabled","Disabled","Scheduling data is not available in this format.","Undefined","N/A","N/A","N/A","N/A","N/A","N/A","N/A","N/A","N/A"
"CHVSLTSBRPA","\Microsoft\Windows\SettingSync\NetworkStateChangeTask","N/A","Ready","Interactive/Background","10/12/2018 4:05:23 PM","0","N/A","COM handler","N/A","N/A","Enabled","Disabled","","INTERACTIVE","Disabled","Disabled","Scheduling data is not available in this format.","Undefined","N/A","N/A","N/A","N/A","N/A","N/A","N/A","N/A","N/A"
"HostName","TaskName","Next Run Time","Status","Logon Mode","Last Run Time","Last Result","Author","Task To Run","Start In","Comment","Scheduled Task State","Idle Time","Power Management","Run As User","Delete Task If Not Rescheduled","Stop Task If Runs X Hours and X Mins","Schedule","Schedule Type","Start Time","Start Date","End Date","Days","Months","Repeat: Every","Repeat: Until: Time","Repeat: Until: Duration","Repeat: Stop If Still Running"
"CHVSLTSBRPA","\Microsoft\Windows\Shell\CreateObjectTask","N/A","Ready","Interactive/Background","28/06/2019 9:12:42 AM","0","Microsoft Corporation","COM handler","N/A","Provides support for shell components that access system data","Enabled","Disabled","","SYSTEM","Disabled","00:00:30","Scheduling data is not available in this format.","On demand only","N/A","N/A","N/A","N/A","N/A","N/A","N/A","N/A","N/A"
"CHVSLTSBRPA","\Microsoft\Windows\Shell\IndexerAutomaticMaintenance","N/A","Ready","Interactive/Background","03/06/2019 3:08:12 PM","0","Microsoft Corporation","COM handler","N/A","Keeps the search index up to date","Enabled","Disabled","Stop On Battery Mode, No Start On Batteries","LOCAL SERVICE","Disabled","72:00:00","Scheduling data is not available in this format.","On demand only","N/A","N/A","N/A","N/A","N/A","N/A","N/A","N/A","N/A"
"HostName","TaskName","Next Run Time","Status","Logon Mode","Last Run Time","Last Result","Author","Task To Run","Start In","Comment","Scheduled Task State","Idle Time","Power Management","Run As User","Delete Task If Not Rescheduled","Stop Task If Runs X Hours and X Mins","Schedule","Schedule Type","Start Time","Start Date","End Date","Days","Months","Repeat: Every","Repeat: Until: Time","Repeat: Until: Duration","Repeat: Stop If Still Running"
"CHVSLTSBRPA","\Microsoft\Windows\Software Inventory Logging\Collection","N/A","Disabled","Interactive/Background","30/11/1999 12:00:00 AM","267011","N/A","%systemroot%\system32\cmd.exe /d /c %systemroot%\system32\silcollector.cmd publish","N/A","N/A","Disabled","Disabled","Stop On Battery Mode, No Start On Batteries","SYSTEM","Disabled","00:10:00","Scheduling data is not available in this format.","One Time Only, Hourly ","3:00:00 AM","01/01/2000","N/A","N/A","N/A","1 Hour(s), 0 Minute(s)","None","Disabled","Disabled"
"CHVSLTSBRPA","\Microsoft\Windows\Software Inventory Logging\Configuration","N/A","Ready","Interactive/Background","03/06/2019 2:59:09 PM","0","N/A","%systemroot%\system32\cmd.exe /d /c %systemroot%\system32\silcollector.cmd configure","N/A","N/A","Enabled","Disabled","Stop On Battery Mode, No Start On Batteries","SYSTEM","Disabled","00:02:00","Scheduling data is not available in this format.","At system start up","N/A","N/A","N/A","N/A","N/A","N/A","N/A","N/A","N/A"
"HostName","TaskName","Next Run Time","Status","Logon Mode","Last Run Time","Last Result","Author","Task To Run","Start In","Comment","Scheduled Task State","Idle Time","Power Management","Run As User","Delete Task If Not Rescheduled","Stop Task If Runs X Hours and X Mins","Schedule","Schedule Type","Start Time","Start Date","End Date","Days","Months","Repeat: Every","Repeat: Until: Time","Repeat: Until: Duration","Repeat: Stop If Still Running"
"CHVSLTSBRPA","\Microsoft\Windows\SoftwareProtectionPlatform\SvcRestartTaskLogon","N/A","Disabled","Interactive/Background","11/06/2019 11:57:49 AM","0","Microsoft Corporation","COM handler","N/A","This task restarts the Software Protection Platform service when user logon occurs","Disabled","Disabled","","INTERACTIVE","Disabled","Disabled","Scheduling data is not available in this format.","At logon time","N/A","N/A","N/A","N/A","N/A","N/A","N/A","N/A","N/A"
"HostName","TaskName","Next Run Time","Status","Logon Mode","Last Run Time","Last Result","Author","Task To Run","Start In","Comment","Scheduled Task State","Idle Time","Power Management","Run As User","Delete Task If Not Rescheduled","Stop Task If Runs X Hours and X Mins","Schedule","Schedule Type","Start Time","Start Date","End Date","Days","Months","Repeat: Every","Repeat: Until: Time","Repeat: Until: Duration","Repeat: Stop If Still Running"
"CHVSLTSBRPA","\Microsoft\Windows\SpacePort\SpaceAgentTask","N/A","Ready","Interactive/Background","30/11/1999 12:00:00 AM","267011","Microsoft Corporation","%windir%\system32\SpaceAgent.exe ","N/A","Storage Spaces Settings","Enabled","Disabled","","SYSTEM","Disabled","06:00:00","Scheduling data is not available in this format.","At system start up","N/A","N/A","N/A","N/A","N/A","N/A","N/A","N/A","N/A"
"CHVSLTSBRPA","\Microsoft\Windows\SpacePort\SpaceAgentTask","N/A","Ready","Interactive/Background","30/11/1999 12:00:00 AM","267011","Microsoft Corporation","%windir%\system32\SpaceAgent.exe ","N/A","Storage Spaces Settings","Enabled","Disabled","","SYSTEM","Disabled","06:00:00","Scheduling data is not available in this format.","Undefined","N/A","N/A","N/A","N/A","N/A","N/A","N/A","N/A","N/A"
"CHVSLTSBRPA","\Microsoft\Windows\SpacePort\SpaceManagerTask","N/A","Ready","Interactive/Background","30/11/1999 12:00:00 AM","267011","$(@%SystemRoot%\system32\spaceman.exe,-2)","%windir%\system32\spaceman.exe /Work","N/A","$(@%SystemRoot%\system32\spaceman.exe,-3)","Enabled","Disabled","","SYSTEM","Disabled","Disabled","Scheduling data is not available in this format.","At system start up","N/A","N/A","N/A","N/A","N/A","N/A","N/A","N/A","N/A"
"CHVSLTSBRPA","\Microsoft\Windows\SpacePort\SpaceManagerTask","N/A","Ready","Interactive/Background","30/11/1999 12:00:00 AM","267011","$(@%SystemRoot%\system32\spaceman.exe,-2)","%windir%\system32\spaceman.exe /Work","N/A","$(@%SystemRoot%\system32\spaceman.exe,-3)","Enabled","Disabled","","SYSTEM","Disabled","Disabled","Scheduling data is not available in this format.","Undefined","N/A","N/A","N/A","N/A","N/A","N/A","N/A","N/A","N/A"
"HostName","TaskName","Next Run Time","Status","Logon Mode","Last Run Time","Last Result","Author","Task To Run","Start In","Comment","Scheduled Task State","Idle Time","Power Management","Run As User","Delete Task If Not Rescheduled","Stop Task If Runs X Hours and X Mins","Schedule","Schedule Type","Start Time","Start Date","End Date","Days","Months","Repeat: Every","Repeat: Until: Time","Repeat: Until: Duration","Repeat: Stop If Still Running"
"CHVSLTSBRPA","\Microsoft\Windows\Storage Tiers Management\Storage Tiers Management Initialization","N/A","Ready","Interactive/Background","30/11/1999 12:00:00 AM","267011","Microsoft Corporation","COM handler","N/A","Initializes the Storage Tiers Management service when the first tiered storage space is detected on the system. Do not remove or modify this task.","Enabled","Disabled","Stop On Battery Mode, No Start On Batteries","SYSTEM","Disabled","Disabled","Scheduling data is not available in this format.","Undefined","N/A","N/A","N/A","N/A","N/A","N/A","N/A","N/A","N/A"
"CHVSLTSBRPA","\Microsoft\Windows\Storage Tiers Management\Storage Tiers Optimization","N/A","Disabled","Interactive/Background","30/11/1999 12:00:00 AM","267011","Microsoft Corporation","%windir%\system32\defrag.exe -c -h -g -# -m 8 -i 13500","N/A","Optimizes the placement of data in storage tiers on all tiered storage spaces in the system.","Disabled","Disabled","Stop On Battery Mode, No Start On Batteries","SYSTEM","Disabled","72:00:00","Scheduling data is not available in this format.","One Time Only, Hourly ","1:00:00 AM","01/01/2013","N/A","N/A","N/A","4 Hour(s), 0 Minute(s)","None","Disabled","Disabled"
"HostName","TaskName","Next Run Time","Status","Logon Mode","Last Run Time","Last Result","Author","Task To Run","Start In","Comment","Scheduled Task State","Idle Time","Power Management","Run As User","Delete Task If Not Rescheduled","Stop Task If Runs X Hours and X Mins","Schedule","Schedule Type","Start Time","Start Date","End Date","Days","Months","Repeat: Every","Repeat: Until: Time","Repeat: Until: Duration","Repeat: Stop If Still Running"
"CHVSLTSBRPA","\Microsoft\Windows\Task Manager\Interactive","N/A","Ready","Interactive/Background","30/11/1999 12:00:00 AM","267011","Microsoft Corporation","COM handler","N/A","Runs a task as the interactive user.","Enabled","Disabled","","INTERACTIVE","Disabled","Disabled","Scheduling data is not available in this format.","On demand only","N/A","N/A","N/A","N/A","N/A","N/A","N/A","N/A","N/A"
"HostName","TaskName","Next Run Time","Status","Logon Mode","Last Run Time","Last Result","Author","Task To Run","Start In","Comment","Scheduled Task State","Idle Time","Power Management","Run As User","Delete Task If Not Rescheduled","Stop Task If Runs X Hours and X Mins","Schedule","Schedule Type","Start Time","Start Date","End Date","Days","Months","Repeat: Every","Repeat: Until: Time","Repeat: Until: Duration","Repeat: Stop If Still Running"
"CHVSLTSBRPA","\Microsoft\Windows\TextServicesFramework\MsCtfMonitor","N/A","Running","Interactive/Background","11/06/2019 11:57:49 AM","267009","N/A","COM handler","N/A","TextServicesFramework monitor task","Enabled","Disabled","","Users","Disabled","Disabled","Scheduling data is not available in this format.","At logon time","N/A","N/A","N/A","N/A","N/A","N/A","N/A","N/A","N/A"
"HostName","TaskName","Next Run Time","Status","Logon Mode","Last Run Time","Last Result","Author","Task To Run","Start In","Comment","Scheduled Task State","Idle Time","Power Management","Run As User","Delete Task If Not Rescheduled","Stop Task If Runs X Hours and X Mins","Schedule","Schedule Type","Start Time","Start Date","End Date","Days","Months","Repeat: Every","Repeat: Until: Time","Repeat: Until: Duration","Repeat: Stop If Still Running"
"CHVSLTSBRPA","\Microsoft\Windows\Time Synchronization\ForceSynchronizeTime","N/A","Ready","Interactive/Background","13/07/2017 4:35:58 PM","0","Microsoft Corporation","COM handler","N/A","This task performs time synchronization.","Enabled","Disabled","","LOCAL SERVICE","Disabled","72:00:00","Scheduling data is not available in this format.","Undefined","N/A","N/A","N/A","N/A","N/A","N/A","N/A","N/A","N/A"
"HostName","TaskName","Next Run Time","Status","Logon Mode","Last Run Time","Last Result","Author","Task To Run","Start In","Comment","Scheduled Task State","Idle Time","Power Management","Run As User","Delete Task If Not Rescheduled","Stop Task If Runs X Hours and X Mins","Schedule","Schedule Type","Start Time","Start Date","End Date","Days","Months","Repeat: Every","Repeat: Until: Time","Repeat: Until: Duration","Repeat: Stop If Still Running"
"CHVSLTSBRPA","\Microsoft\Windows\Time Zone\SynchronizeTimeZone","N/A","Ready","Interactive/Background","30/05/2019 6:37:58 PM","0","Microsoft Corporation","%windir%\system32\tzsync.exe ","N/A","Updates timezone information. If this task is stopped, local time may not be accurate for some time zones.","Enabled","Disabled","Stop On Battery Mode","SYSTEM","Disabled","01:00:00","Scheduling data is not available in this format.","On demand only","N/A","N/A","N/A","N/A","N/A","N/A","N/A","N/A","N/A"
"HostName","TaskName","Next Run Time","Status","Logon Mode","Last Run Time","Last Result","Author","Task To Run","Start In","Comment","Scheduled Task State","Idle Time","Power Management","Run As User","Delete Task If Not Rescheduled","Stop Task If Runs X Hours and X Mins","Schedule","Schedule Type","Start Time","Start Date","End Date","Days","Months","Repeat: Every","Repeat: Until: Time","Repeat: Until: Duration","Repeat: Stop If Still Running"
"CHVSLTSBRPA","\Microsoft\Windows\UpdateOrchestrator\Maintenance Install","N/A","Disabled","Interactive/Background","30/11/1999 12:00:00 AM","267011","N/A","%systemroot%\system32\usoclient.exe StartInstall","N/A","N/A","Disabled","Disabled","","SYSTEM","Disabled","72:00:00","Scheduling data is not available in this format.","On demand only","N/A","N/A","N/A","N/A","N/A","N/A","N/A","N/A","N/A"
"CHVSLTSBRPA","\Microsoft\Windows\UpdateOrchestrator\Policy Install","N/A","Disabled","Interactive/Background","30/11/1999 12:00:00 AM","267011","N/A","%systemroot%\system32\usoclient.exe StartInstall","N/A","N/A","Disabled","Disabled","","SYSTEM","Disabled","72:00:00","Scheduling data is not available in this format.","One Time Only","N/A","N/A","N/A","N/A","N/A","Disabled","Disabled","Disabled","Disabled"
"CHVSLTSBRPA","\Microsoft\Windows\UpdateOrchestrator\Reboot","N/A","Ready","Interactive/Background","30/11/1999 12:00:00 AM","267011","Microsoft Corporation","%systemroot%\system32\MusNotification.exe ","N/A","This task triggers a system reboot following update installation.","Enabled","Disabled","","SYSTEM","Disabled","72:00:00","Scheduling data is not available in this format.","One Time Only","3:00:00 AM","01/01/2000","N/A","N/A","N/A","Disabled","Disabled","Disabled","Disabled"
"CHVSLTSBRPA","\Microsoft\Windows\UpdateOrchestrator\Refresh Settings","29/06/2019 1:25:33 AM","Ready","Interactive/Background","28/06/2019 2:35:32 AM","0","Microsoft Corporation","%systemroot%\system32\usoclient.exe RefreshSettings","N/A","This task downloads settings for Windows Updates.","Enabled","Only Start If Idle for  minutes, If Not Idle Retry For  minutes","No Start On Batteries","SYSTEM","Disabled","72:00:00","Scheduling data is not available in this format.","One Time Only, Hourly ","3:00:00 AM","01/01/2000","N/A","N/A","N/A","22 Hour(s), 0 Minute(s)","None","Disabled","Disabled"
"CHVSLTSBRPA","\Microsoft\Windows\UpdateOrchestrator\Resume On Boot","N/A","Disabled","Interactive/Background","30/11/1999 12:00:00 AM","267011","N/A","%systemroot%\system32\usoclient.exe ResumeUpdate","N/A","N/A","Disabled","Disabled","","SYSTEM","Disabled","72:00:00","Scheduling data is not available in this format.","At system start up","N/A","N/A","N/A","N/A","N/A","N/A","N/A","N/A","N/A"
"CHVSLTSBRPA","\Microsoft\Windows\UpdateOrchestrator\Schedule Scan","28/06/2019 2:46:20 PM","Ready","Interactive/Background","27/06/2019 4:18:08 PM","0","Microsoft Corporation","%systemroot%\system32\usoclient.exe StartScan","N/A","This task performs a scheduled Windows Update scan.","Enabled","Disabled","","SYSTEM","Disabled","72:00:00","Scheduling data is not available in this format.","One Time Only, Hourly ","N/A","N/A","N/A","N/A","N/A","22 Hour(s), 0 Minute(s)","None","Disabled","Disabled"
"CHVSLTSBRPA","\Microsoft\Windows\UpdateOrchestrator\Schedule Scan","28/06/2019 5:03:17 PM","Ready","Interactive/Background","27/06/2019 4:18:08 PM","0","Microsoft Corporation","%systemroot%\system32\usoclient.exe StartScan","N/A","This task performs a scheduled Windows Update scan.","Enabled","Disabled","","SYSTEM","Disabled","72:00:00","Scheduling data is not available in this format.","Undefined","N/A","N/A","N/A","N/A","N/A","N/A","N/A","N/A","N/A"
"CHVSLTSBRPA","\Microsoft\Windows\UpdateOrchestrator\Schedule Scan","28/06/2019 4:45:04 PM","Ready","Interactive/Background","27/06/2019 4:18:08 PM","0","Microsoft Corporation","%systemroot%\system32\usoclient.exe StartScan","N/A","This task performs a scheduled Windows Update scan.","Enabled","Disabled","","SYSTEM","Disabled","72:00:00","Scheduling data is not available in this format.","Undefined","N/A","N/A","N/A","N/A","N/A","N/A","N/A","N/A","N/A"
"CHVSLTSBRPA","\Microsoft\Windows\UpdateOrchestrator\Schedule Scan","28/06/2019 5:49:36 PM","Ready","Interactive/Background","27/06/2019 4:18:08 PM","0","Microsoft Corporation","%systemroot%\system32\usoclient.exe StartScan","N/A","This task performs a scheduled Windows Update scan.","Enabled","Disabled","","SYSTEM","Disabled","72:00:00","Scheduling data is not available in this format.","When an event occurs","N/A","N/A","N/A","N/A","N/A","N/A","N/A","N/A","N/A"
"CHVSLTSBRPA","\Microsoft\Windows\UpdateOrchestrator\USO_UxBroker_Display","N/A","Ready","Interactive/Background","30/11/1999 12:00:00 AM","267011","N/A","%systemroot%\system32\MusNotification.exe Display","N/A","N/A","Enabled","Disabled","","SYSTEM","Disabled","72:00:00","Scheduling data is not available in this format.","Undefined","N/A","N/A","N/A","N/A","N/A","N/A","N/A","N/A","N/A"
"CHVSLTSBRPA","\Microsoft\Windows\UpdateOrchestrator\USO_UxBroker_ReadyToReboot","N/A","Ready","Interactive/Background","30/11/1999 12:00:00 AM","267011","N/A","%systemroot%\system32\MusNotification.exe ReadyToReboot","N/A","N/A","Enabled","Disabled","Stop On Battery Mode, No Start On Batteries","SYSTEM","Disabled","72:00:00","Scheduling data is not available in this format.","Undefined","N/A","N/A","N/A","N/A","N/A","N/A","N/A","N/A","N/A"
"HostName","TaskName","Next Run Time","Status","Logon Mode","Last Run Time","Last Result","Author","Task To Run","Start In","Comment","Scheduled Task State","Idle Time","Power Management","Run As User","Delete Task If Not Rescheduled","Stop Task If Runs X Hours and X Mins","Schedule","Schedule Type","Start Time","Start Date","End Date","Days","Months","Repeat: Every","Repeat: Until: Time","Repeat: Until: Duration","Repeat: Stop If Still Running"
"CHVSLTSBRPA","\Microsoft\Windows\UPnP\UPnPHostConfig","N/A","Ready","Interactive/Background","30/11/1999 12:00:00 AM","267011","Microsoft","sc.exe config upnphost start= auto","N/A","Set UPnPHost service to Auto-Start","Enabled","Disabled","","SYSTEM","Disabled","72:00:00","Scheduling data is not available in this format.","On demand only","N/A","N/A","N/A","N/A","N/A","N/A","N/A","N/A","N/A"
"HostName","TaskName","Next Run Time","Status","Logon Mode","Last Run Time","Last Result","Author","Task To Run","Start In","Comment","Scheduled Task State","Idle Time","Power Management","Run As User","Delete Task If Not Rescheduled","Stop Task If Runs X Hours and X Mins","Schedule","Schedule Type","Start Time","Start Date","End Date","Days","Months","Repeat: Every","Repeat: Until: Time","Repeat: Until: Duration","Repeat: Stop If Still Running"
"CHVSLTSBRPA","\Microsoft\Windows\WDI\ResolutionHost","N/A","Running","Interactive/Background","25/06/2019 3:58:43 PM","267009","Microsoft Corporation","COM handler","N/A","The Windows Diagnostic Infrastructure Resolution host enables interactive resolutions for system problems detected by the Diagnostic Policy Service. It is triggered when necessary by the Diagnostic Policy Service in the appropriate user session. If the ","Enabled","Disabled","","INTERACTIVE","Disabled","Disabled","Scheduling data is not available in this format.","On demand only","N/A","N/A","N/A","N/A","N/A","N/A","N/A","N/A","N/A"
"HostName","TaskName","Next Run Time","Status","Logon Mode","Last Run Time","Last Result","Author","Task To Run","Start In","Comment","Scheduled Task State","Idle Time","Power Management","Run As User","Delete Task If Not Rescheduled","Stop Task If Runs X Hours and X Mins","Schedule","Schedule Type","Start Time","Start Date","End Date","Days","Months","Repeat: Every","Repeat: Until: Time","Repeat: Until: Duration","Repeat: Stop If Still Running"
"CHVSLTSBRPA","\Microsoft\Windows\Windows Error Reporting\QueueReporting","28/06/2019 11:12:45 AM","Ready","Interactive/Background","28/06/2019 7:48:57 AM","0","Microsoft Corporation","%windir%\system32\wermgr.exe -upload","N/A","Windows Error Reporting task to process queued reports.","Enabled","Disabled","","SYSTEM","Disabled","04:00:00","Scheduling data is not available in this format.","At system start up","N/A","N/A","N/A","N/A","N/A","N/A","N/A","N/A","N/A"
"CHVSLTSBRPA","\Microsoft\Windows\Windows Error Reporting\QueueReporting","28/06/2019 1:20:05 PM","Ready","Interactive/Background","28/06/2019 7:48:57 AM","0","Microsoft Corporation","%windir%\system32\wermgr.exe -upload","N/A","Windows Error Reporting task to process queued reports.","Enabled","Disabled","","SYSTEM","Disabled","04:00:00","Scheduling data is not available in this format.","Undefined","N/A","N/A","N/A","N/A","N/A","N/A","N/A","N/A","N/A"
"CHVSLTSBRPA","\Microsoft\Windows\Windows Error Reporting\QueueReporting","28/06/2019 10:44:53 AM","Ready","Interactive/Background","28/06/2019 7:48:57 AM","0","Microsoft Corporation","%windir%\system32\wermgr.exe -upload","N/A","Windows Error Reporting task to process queued reports.","Enabled","Disabled","","SYSTEM","Disabled","04:00:00","Scheduling data is not available in this format.","One Time Only, Hourly ","N/A","N/A","N/A","N/A","N/A","4 Hour(s), 0 Minute(s)","None","Disabled","Disabled"
"HostName","TaskName","Next Run Time","Status","Logon Mode","Last Run Time","Last Result","Author","Task To Run","Start In","Comment","Scheduled Task State","Idle Time","Power Management","Run As User","Delete Task If Not Rescheduled","Stop Task If Runs X Hours and X Mins","Schedule","Schedule Type","Start Time","Start Date","End Date","Days","Months","Repeat: Every","Repeat: Until: Time","Repeat: Until: Duration","Repeat: Stop If Still Running"
"CHVSLTSBRPA","\Microsoft\Windows\Windows Filtering Platform\BfeOnServiceStartTypeChange","N/A","Ready","Interactive/Background","30/11/1999 12:00:00 AM","267011","Microsoft Corporation","%windir%\system32\rundll32.exe bfe.dll,BfeOnServiceStartTypeChange","N/A","This task adjusts the start type for firewall-triggered services when the start type of the Base Filtering Engine (BFE) is disabled.","Enabled","Disabled","","SYSTEM","Disabled","72:00:00","Scheduling data is not available in this format.","When an event occurs","N/A","N/A","N/A","N/A","N/A","N/A","N/A","N/A","N/A"
"HostName","TaskName","Next Run Time","Status","Logon Mode","Last Run Time","Last Result","Author","Task To Run","Start In","Comment","Scheduled Task State","Idle Time","Power Management","Run As User","Delete Task If Not Rescheduled","Stop Task If Runs X Hours and X Mins","Schedule","Schedule Type","Start Time","Start Date","End Date","Days","Months","Repeat: Every","Repeat: Until: Time","Repeat: Until: Duration","Repeat: Stop If Still Running"
"CHVSLTSBRPA","\Microsoft\Windows\WindowsColorSystem\Calibration Loader","N/A","Disabled","Interactive/Background","13/07/2017 4:35:17 PM","0","Microsoft Corporation","COM handler","N/A","This task applies color calibration settings.","Disabled","Disabled","","Users","Disabled","Disabled","Scheduling data is not available in this format.","At logon time","N/A","N/A","N/A","N/A","N/A","N/A","N/A","N/A","N/A"
"CHVSLTSBRPA","\Microsoft\Windows\WindowsColorSystem\Calibration Loader","N/A","Disabled","Interactive/Background","13/07/2017 4:35:17 PM","0","Microsoft Corporation","COM handler","N/A","This task applies color calibration settings.","Disabled","Disabled","","Users","Disabled","Disabled","Scheduling data is not available in this format.","When an event occurs","N/A","N/A","N/A","N/A","N/A","N/A","N/A","N/A","N/A"
"HostName","TaskName","Next Run Time","Status","Logon Mode","Last Run Time","Last Result","Author","Task To Run","Start In","Comment","Scheduled Task State","Idle Time","Power Management","Run As User","Delete Task If Not Rescheduled","Stop Task If Runs X Hours and X Mins","Schedule","Schedule Type","Start Time","Start Date","End Date","Days","Months","Repeat: Every","Repeat: Until: Time","Repeat: Until: Duration","Repeat: Stop If Still Running"
"CHVSLTSBRPA","\Microsoft\Windows\WindowsUpdate\Automatic App Update","28/06/2019 1:04:40 PM","Ready","Interactive/Background","28/06/2019 7:13:25 AM","0","Microsoft Corporation","COM handler","N/A","Automatically updates the user's Windows store applications.","Enabled","Disabled","","INTERACTIVE","Disabled","04:00:00","Scheduling data is not available in this format.","One Time Only, Hourly ","N/A","N/A","N/A","N/A","N/A","4 Hour(s), 0 Minute(s)","None","Disabled","Disabled"
"CHVSLTSBRPA","\Microsoft\Windows\WindowsUpdate\Automatic App Update","28/06/2019 11:13:22 AM","Ready","Interactive/Background","28/06/2019 7:13:25 AM","0","Microsoft Corporation","COM handler","N/A","Automatically updates the user's Windows store applications.","Enabled","Disabled","","INTERACTIVE","Disabled","04:00:00","Scheduling data is not available in this format.","At logon time","N/A","N/A","N/A","N/A","N/A","N/A","N/A","N/A","N/A"
"CHVSLTSBRPA","\Microsoft\Windows\WindowsUpdate\Scheduled Start","28/06/2019 7:02:12 PM","Ready","Interactive/Background","27/06/2019 7:01:36 PM","0","Microsoft Corporation.","C:\Windows\system32\sc.exe start wuauserv","N/A","This task is used to start the Windows Update service when needed to perform scheduled operations such as scans.","Enabled","Disabled","","SYSTEM","Disabled","72:00:00","Scheduling data is not available in this format.","One Time Only","N/A","N/A","N/A","N/A","N/A","Disabled","Disabled","Disabled","Disabled"
"CHVSLTSBRPA","\Microsoft\Windows\WindowsUpdate\Scheduled Start","28/06/2019 7:02:01 PM","Ready","Interactive/Background","27/06/2019 7:01:36 PM","0","Microsoft Corporation.","C:\Windows\system32\sc.exe start wuauserv","N/A","This task is used to start the Windows Update service when needed to perform scheduled operations such as scans.","Enabled","Disabled","","SYSTEM","Disabled","72:00:00","Scheduling data is not available in this format.","When an event occurs","N/A","N/A","N/A","N/A","N/A","N/A","N/A","N/A","N/A"
"CHVSLTSBRPA","\Microsoft\Windows\WindowsUpdate\Scheduled Start","28/06/2019 7:01:51 PM","Ready","Interactive/Background","27/06/2019 7:01:36 PM","0","Microsoft Corporation.","C:\Windows\system32\sc.exe start wuauserv","N/A","This task is used to start the Windows Update service when needed to perform scheduled operations such as scans.","Enabled","Disabled","","SYSTEM","Disabled","72:00:00","Scheduling data is not available in this format.","When an event occurs","N/A","N/A","N/A","N/A","N/A","N/A","N/A","N/A","N/A"
"CHVSLTSBRPA","\Microsoft\Windows\WindowsUpdate\Scheduled Start","28/06/2019 7:01:45 PM","Ready","Interactive/Background","27/06/2019 7:01:36 PM","0","Microsoft Corporation.","C:\Windows\system32\sc.exe start wuauserv","N/A","This task is used to start the Windows Update service when needed to perform scheduled operations such as scans.","Enabled","Disabled","","SYSTEM","Disabled","72:00:00","Scheduling data is not available in this format.","Undefined","N/A","N/A","N/A","N/A","N/A","N/A","N/A","N/A","N/A"
"CHVSLTSBRPA","\Microsoft\Windows\WindowsUpdate\sih","28/06/2019 12:49:11 PM","Ready","Interactive/Background","27/06/2019 2:17:57 PM","-2147012894","Microsoft Corporation.","%systemroot%\System32\sihclient.exe ","N/A","This daily task launches the SIH client (server-initiated healing) to detect and fix system components that are vital to automatic updating of Windows and Microsoft software installed on the machine.  This task can go online, evaluate applicability of h","Enabled","Disabled","","SYSTEM","Disabled","72:00:00","Scheduling data is not available in this format.","One Time Only, Hourly ","N/A","N/A","N/A","N/A","N/A","20 Hour(s), 0 Minute(s)","None","Disabled","Disabled"
"CHVSLTSBRPA","\Microsoft\Windows\WindowsUpdate\sihboot","N/A","Ready","Interactive/Background","30/11/1999 12:00:00 AM","267011","Microsoft Corporation.","%systemroot%\System32\sihclient.exe /boot","N/A","This boot task launches the SIH client to finish executing healing actions to fix the system components vital to automatic updating of Windows and Microsoft software installed on the machine.  It is enabled only when the daily SIH client task fails to c","Enabled","Disabled","","SYSTEM","Disabled","00:02:00","Scheduling data is not available in this format.","At system start up","N/A","N/A","N/A","N/A","N/A","N/A","N/A","N/A","N/A"
"HostName","TaskName","Next Run Time","Status","Logon Mode","Last Run Time","Last Result","Author","Task To Run","Start In","Comment","Scheduled Task State","Idle Time","Power Management","Run As User","Delete Task If Not Rescheduled","Stop Task If Runs X Hours and X Mins","Schedule","Schedule Type","Start Time","Start Date","End Date","Days","Months","Repeat: Every","Repeat: Until: Time","Repeat: Until: Duration","Repeat: Stop If Still Running"
"CHVSLTSBRPA","\Microsoft\Windows\Wininet\CacheTask","N/A","Running","Interactive/Background","11/06/2019 11:57:49 AM","267009","Microsoft","COM handler","N/A","Wininet Cache Task","Enabled","Disabled","","Users","Disabled","Disabled","Scheduling data is not available in this format.","At logon time","N/A","N/A","N/A","N/A","N/A","N/A","N/A","N/A","N/A"
"HostName","TaskName","Next Run Time","Status","Logon Mode","Last Run Time","Last Result","Author","Task To Run","Start In","Comment","Scheduled Task State","Idle Time","Power Management","Run As User","Delete Task If Not Rescheduled","Stop Task If Runs X Hours and X Mins","Schedule","Schedule Type","Start Time","Start Date","End Date","Days","Months","Repeat: Every","Repeat: Until: Time","Repeat: Until: Duration","Repeat: Stop If Still Running"
"CHVSLTSBRPA","\Microsoft\Windows\Workplace Join\Automatic-Device-Join","N/A","Ready","Interactive/Background","11/06/2019 11:58:49 AM","1","N/A","%SystemRoot%\System32\dsregcmd.exe ","N/A","Register this computer if the computer is already joined to an Active Directory domain.","Enabled","Disabled","","SYSTEM","Disabled","00:05:00","Scheduling data is not available in this format.","At logon time","N/A","N/A","N/A","N/A","N/A","N/A","N/A","N/A","N/A"
"HostName","TaskName","Next Run Time","Status","Logon Mode","Last Run Time","Last Result","Author","Task To Run","Start In","Comment","Scheduled Task State","Idle Time","Power Management","Run As User","Delete Task If Not Rescheduled","Stop Task If Runs X Hours and X Mins","Schedule","Schedule Type","Start Time","Start Date","End Date","Days","Months","Repeat: Every","Repeat: Until: Time","Repeat: Until: Duration","Repeat: Stop If Still Running"
"CHVSLTSBRPA","\Microsoft\XblGameSave\XblGameSaveTask","N/A","Ready","Interactive/Background","03/06/2019 5:08:10 PM","0","Microsoft","%windir%\System32\XblGameSaveTask.exe standby","N/A","XblGameSave Standby Task","Enabled","Only Start If Idle for  minutes, If Not Idle Retry For  minutes Stop the task if Idle State end","No Start On Batteries","SYSTEM","Disabled","02:00:00","Scheduling data is not available in this format.","At idle time","N/A","N/A","N/A","N/A","N/A","N/A","N/A","N/A","N/A"
"CHVSLTSBRPA","\Microsoft\XblGameSave\XblGameSaveTaskLogon","N/A","Ready","Interactive/Background","11/06/2019 11:57:49 AM","0","Microsoft","%windir%\System32\XblGameSaveTask.exe logon","N/A","XblGameSave Logon Task","Enabled","Only Start If Idle for  minutes, If Not Idle Retry For  minutes Stop the task if Idle State end","No Start On Batteries","SYSTEM","Disabled","02:00:00","Scheduling data is not available in this format.","At logon time","N/A","N/A","N/A","N/A","N/A","N/A","N/A","N/A","N/A"
